n,marathon,year,gender,subgroup,avg_chip_seconds,high_temp,low_temp,avg_temp,precipitation,dew_point,wind_speed,visibility,sea_level_pressure,aqi,main_pollutant,co,ozone,pm10,pm25,no2
407,Berlin,1996,female,elite,11724.756756756758,57,44,52.34,0.23,48.61,10,NA,30.09,11,NO2,NA,10,NA,NA,11
407,Berlin,1996,female,competitive,13448.090909090908,57,44,52.34,0.23,48.61,10,NA,30.09,11,NO2,NA,10,NA,NA,11
407,Berlin,1996,female,average,14439.872235872235,57,44,52.34,0.23,48.61,10,NA,30.09,11,NO2,NA,10,NA,NA,11
407,Berlin,1996,female,recreational,15445.321867321869,57,44,52.34,0.23,48.61,10,NA,30.09,11,NO2,NA,10,NA,NA,11
407,Berlin,1996,female,slow,17273.63144963145,57,44,52.34,0.23,48.61,10,NA,30.09,11,NO2,NA,10,NA,NA,11
2780,Berlin,1996,male,elite,10447.28705035968,57,44,52.34,0.23,48.61,10,NA,30.09,11,NO2,NA,10,NA,NA,11
2780,Berlin,1996,male,competitive,12005.022302158264,57,44,52.34,0.23,48.61,10,NA,30.09,11,NO2,NA,10,NA,NA,11
2779,Berlin,1996,male,average,12996.063332133854,57,44,52.34,0.23,48.61,10,NA,30.09,11,NO2,NA,10,NA,NA,11
2779,Berlin,1996,male,recreational,14018.581863979842,57,44,52.34,0.23,48.61,10,NA,30.09,11,NO2,NA,10,NA,NA,11
2779,Berlin,1996,male,slow,15985.730118747713,57,44,52.34,0.23,48.61,10,NA,30.09,11,NO2,NA,10,NA,NA,11
368,Berlin,1997,female,elite,12319.869565217392,66,40,53.06,0,40.52,3,NA,30.08,18,NO2,NA,11,NA,NA,18
367,Berlin,1997,female,competitive,13895.405994550407,66,40,53.06,0,40.52,3,NA,30.08,18,NO2,NA,11,NA,NA,18
367,Berlin,1997,female,average,14955.397820163485,66,40,53.06,0,40.52,3,NA,30.08,18,NO2,NA,11,NA,NA,18
367,Berlin,1997,female,recreational,15980.149863760216,66,40,53.06,0,40.52,3,NA,30.08,18,NO2,NA,11,NA,NA,18
367,Berlin,1997,female,slow,17742.174386920975,66,40,53.06,0,40.52,3,NA,30.08,18,NO2,NA,11,NA,NA,18
2630,Berlin,1997,male,elite,10862.58441064641,66,40,53.06,0,40.52,3,NA,30.08,18,NO2,NA,11,NA,NA,18
2629,Berlin,1997,male,competitive,12460.318372004576,66,40,53.06,0,40.52,3,NA,30.08,18,NO2,NA,11,NA,NA,18
2629,Berlin,1997,male,average,13506.815138836064,66,40,53.06,0,40.52,3,NA,30.08,18,NO2,NA,11,NA,NA,18
2629,Berlin,1997,male,recreational,14576.9779383796,66,40,53.06,0,40.52,3,NA,30.08,18,NO2,NA,11,NA,NA,18
2629,Berlin,1997,male,slow,16681.698364397114,66,40,53.06,0,40.52,3,NA,30.08,18,NO2,NA,11,NA,NA,18
640,Berlin,1998,female,elite,12724.939062500005,68,51,60.26,0,46.53,3,NA,30.54,19,Ozone,NA,19,NA,NA,16
640,Berlin,1998,female,competitive,14290.471874999997,68,51,60.26,0,46.53,3,NA,30.54,19,Ozone,NA,19,NA,NA,16
640,Berlin,1998,female,average,15357.674999999997,68,51,60.26,0,46.53,3,NA,30.54,19,Ozone,NA,19,NA,NA,16
640,Berlin,1998,female,recreational,16504.459374999995,68,51,60.26,0,46.53,3,NA,30.54,19,Ozone,NA,19,NA,NA,16
639,Berlin,1998,female,slow,18436.00156494524,68,51,60.26,0,46.53,3,NA,30.54,19,Ozone,NA,19,NA,NA,16
3561,Berlin,1998,male,elite,11185.19629317607,68,51,60.26,0,46.53,3,NA,30.54,19,Ozone,NA,19,NA,NA,16
3561,Berlin,1998,male,competitive,12806.727042965447,68,51,60.26,0,46.53,3,NA,30.54,19,Ozone,NA,19,NA,NA,16
3561,Berlin,1998,male,average,13868.884302162303,68,51,60.26,0,46.53,3,NA,30.54,19,Ozone,NA,19,NA,NA,16
3561,Berlin,1998,male,recreational,15069.649817467012,68,51,60.26,0,46.53,3,NA,30.54,19,Ozone,NA,19,NA,NA,16
3560,Berlin,1998,male,slow,17291.3101123596,68,51,60.26,0,46.53,3,NA,30.54,19,Ozone,NA,19,NA,NA,16
516,Berlin,1999,female,elite,12635.76550387597,63,55,61.16,0.02,56.49,5,NA,29.71,13,NO2,NA,7,NA,NA,13
516,Berlin,1999,female,competitive,14199.147286821702,63,55,61.16,0.02,56.49,5,NA,29.71,13,NO2,NA,7,NA,NA,13
516,Berlin,1999,female,average,15284.203488372095,63,55,61.16,0.02,56.49,5,NA,29.71,13,NO2,NA,7,NA,NA,13
515,Berlin,1999,female,recreational,16362.359223300973,63,55,61.16,0.02,56.49,5,NA,29.71,13,NO2,NA,7,NA,NA,13
515,Berlin,1999,female,slow,18182.454368932045,63,55,61.16,0.02,56.49,5,NA,29.71,13,NO2,NA,7,NA,NA,13
3311,Berlin,1999,male,elite,11178.267592872231,63,55,61.16,0.02,56.49,5,NA,29.71,13,NO2,NA,7,NA,NA,13
3310,Berlin,1999,male,competitive,12830.71148036255,63,55,61.16,0.02,56.49,5,NA,29.71,13,NO2,NA,7,NA,NA,13
3310,Berlin,1999,male,average,13879.031722054398,63,55,61.16,0.02,56.49,5,NA,29.71,13,NO2,NA,7,NA,NA,13
3310,Berlin,1999,male,recreational,14987.906646525676,63,55,61.16,0.02,56.49,5,NA,29.71,13,NO2,NA,7,NA,NA,13
3310,Berlin,1999,male,slow,17122.413293051406,63,55,61.16,0.02,56.49,5,NA,29.71,13,NO2,NA,7,NA,NA,13
710,Berlin,2000,female,elite,13123.091549295774,70,58,64.22,0,56.32,4,NA,30.2,13,Ozone,NA,13,NA,NA,10
710,Berlin,2000,female,competitive,14921.146478873237,70,58,64.22,0,56.32,4,NA,30.2,13,Ozone,NA,13,NA,NA,10
709,Berlin,2000,female,average,16032.228490832156,70,58,64.22,0,56.32,4,NA,30.2,13,Ozone,NA,13,NA,NA,10
709,Berlin,2000,female,recreational,17124.126939351194,70,58,64.22,0,56.32,4,NA,30.2,13,Ozone,NA,13,NA,NA,10
709,Berlin,2000,female,slow,19176.423131170657,70,58,64.22,0,56.32,4,NA,30.2,13,Ozone,NA,13,NA,NA,10
3867,Berlin,2000,male,elite,11549.085596069332,70,58,64.22,0,56.32,4,NA,30.2,13,Ozone,NA,13,NA,NA,10
3867,Berlin,2000,male,competitive,13309.580294802172,70,58,64.22,0,56.32,4,NA,30.2,13,Ozone,NA,13,NA,NA,10
3866,Berlin,2000,male,average,14461.3572167615,70,58,64.22,0,56.32,4,NA,30.2,13,Ozone,NA,13,NA,NA,10
3866,Berlin,2000,male,recreational,15768.366270046554,70,58,64.22,0,56.32,4,NA,30.2,13,Ozone,NA,13,NA,NA,10
3866,Berlin,2000,male,slow,18043.35049146399,70,58,64.22,0,56.32,4,NA,30.2,13,Ozone,NA,13,NA,NA,10
827,Berlin,2001,female,elite,12981.909310761795,60,51,56.48,0.12,52.93,7,NA,29.94,32,PM10,NA,11,32,NA,7
827,Berlin,2001,female,competitive,14511.201934703751,60,51,56.48,0.12,52.93,7,NA,29.94,32,PM10,NA,11,32,NA,7
827,Berlin,2001,female,average,15603.183796856109,60,51,56.48,0.12,52.93,7,NA,29.94,32,PM10,NA,11,32,NA,7
827,Berlin,2001,female,recreational,16712.649334945585,60,51,56.48,0.12,52.93,7,NA,29.94,32,PM10,NA,11,32,NA,7
826,Berlin,2001,female,slow,18647.881355932197,60,51,56.48,0.12,52.93,7,NA,29.94,32,PM10,NA,11,32,NA,7
4332,Berlin,2001,male,elite,11317.235687903933,60,51,56.48,0.12,52.93,7,NA,29.94,32,PM10,NA,11,32,NA,7
4332,Berlin,2001,male,competitive,12968.22783933517,60,51,56.48,0.12,52.93,7,NA,29.94,32,PM10,NA,11,32,NA,7
4332,Berlin,2001,male,average,14053.583333333347,60,51,56.48,0.12,52.93,7,NA,29.94,32,PM10,NA,11,32,NA,7
4331,Berlin,2001,male,recreational,15261.280535673066,60,51,56.48,0.12,52.93,7,NA,29.94,32,PM10,NA,11,32,NA,7
4331,Berlin,2001,male,slow,17413.867928884847,60,51,56.48,0.12,52.93,7,NA,29.94,32,PM10,NA,11,32,NA,7
880,Berlin,2002,female,elite,12733.882954545461,62,50,55.22,0,48.6,4,NA,30.38,21,NO2,NA,8,19,NA,21
880,Berlin,2002,female,competitive,14471.293181818182,62,50,55.22,0,48.6,4,NA,30.38,21,NO2,NA,8,19,NA,21
880,Berlin,2002,female,average,15606.945454545457,62,50,55.22,0,48.6,4,NA,30.38,21,NO2,NA,8,19,NA,21
880,Berlin,2002,female,recreational,16759.971590909096,62,50,55.22,0,48.6,4,NA,30.38,21,NO2,NA,8,19,NA,21
880,Berlin,2002,female,slow,18721.831818181836,62,50,55.22,0,48.6,4,NA,30.38,21,NO2,NA,8,19,NA,21
4178,Berlin,2002,male,elite,11178.5016754428,62,50,55.22,0,48.6,4,NA,30.38,21,NO2,NA,8,19,NA,21
4177,Berlin,2002,male,competitive,12924.613837682564,62,50,55.22,0,48.6,4,NA,30.38,21,NO2,NA,8,19,NA,21
4177,Berlin,2002,male,average,14061.207086425653,62,50,55.22,0,48.6,4,NA,30.38,21,NO2,NA,8,19,NA,21
4177,Berlin,2002,male,recreational,15334.763227196572,62,50,55.22,0,48.6,4,NA,30.38,21,NO2,NA,8,19,NA,21
4177,Berlin,2002,male,slow,17531.605458462975,62,50,55.22,0,48.6,4,NA,30.38,21,NO2,NA,8,19,NA,21
1121,Berlin,2003,female,elite,13040.136485281004,66,40,53.24,0.02,40.42,4,6.21,29.97,23,Ozone,NA,23,17,NA,11
1121,Berlin,2003,female,competitive,14774.141837644955,66,40,53.24,0.02,40.42,4,6.21,29.97,23,Ozone,NA,23,17,NA,11
1121,Berlin,2003,female,average,15929.889384478143,66,40,53.24,0.02,40.42,4,6.21,29.97,23,Ozone,NA,23,17,NA,11
1121,Berlin,2003,female,recreational,17072.46833184657,66,40,53.24,0.02,40.42,4,6.21,29.97,23,Ozone,NA,23,17,NA,11
1120,Berlin,2003,female,slow,19118.639285714282,66,40,53.24,0.02,40.42,4,6.21,29.97,23,Ozone,NA,23,17,NA,11
5021,Berlin,2003,male,elite,11401.553873730309,66,40,53.24,0.02,40.42,4,6.21,29.97,23,Ozone,NA,23,17,NA,11
5021,Berlin,2003,male,competitive,13133.628759211328,66,40,53.24,0.02,40.42,4,6.21,29.97,23,Ozone,NA,23,17,NA,11
5021,Berlin,2003,male,average,14265.325831507655,66,40,53.24,0.02,40.42,4,6.21,29.97,23,Ozone,NA,23,17,NA,11
5021,Berlin,2003,male,recreational,15555.738697470617,66,40,53.24,0.02,40.42,4,6.21,29.97,23,Ozone,NA,23,17,NA,11
5021,Berlin,2003,male,slow,17890.657040430156,66,40,53.24,0.02,40.42,4,6.21,29.97,23,Ozone,NA,23,17,NA,11
1045,Berlin,2004,female,elite,13001.166507177024,57,48,51.98,0.04,48.81,7,6.06,30.03,12,NO2,NA,12,12,NA,12
1045,Berlin,2004,female,competitive,14622.26794258373,57,48,51.98,0.04,48.81,7,6.06,30.03,12,NO2,NA,12,12,NA,12
1045,Berlin,2004,female,average,15790.355023923443,57,48,51.98,0.04,48.81,7,6.06,30.03,12,NO2,NA,12,12,NA,12
1045,Berlin,2004,female,recreational,16911.17224880382,57,48,51.98,0.04,48.81,7,6.06,30.03,12,NO2,NA,12,12,NA,12
1044,Berlin,2004,female,slow,19059.206896551736,57,48,51.98,0.04,48.81,7,6.06,30.03,12,NO2,NA,12,12,NA,12
4560,Berlin,2004,male,elite,11335.460745614047,57,48,51.98,0.04,48.81,7,6.06,30.03,12,NO2,NA,12,12,NA,12
4560,Berlin,2004,male,competitive,13023.839912280724,57,48,51.98,0.04,48.81,7,6.06,30.03,12,NO2,NA,12,12,NA,12
4560,Berlin,2004,male,average,14106.065350877207,57,48,51.98,0.04,48.81,7,6.06,30.03,12,NO2,NA,12,12,NA,12
4559,Berlin,2004,male,recreational,15347.325290633891,57,48,51.98,0.04,48.81,7,6.06,30.03,12,NO2,NA,12,12,NA,12
4559,Berlin,2004,male,slow,17729.40908093873,57,48,51.98,0.04,48.81,7,6.06,30.03,12,NO2,NA,12,12,NA,12
1174,Berlin,2005,female,elite,13120.292163543429,74,50,62.78,0,53.55,4,6.35,29.98,35,PM10,NA,24,35,NA,17
1174,Berlin,2005,female,competitive,14935.021294718916,74,50,62.78,0,53.55,4,6.35,29.98,35,PM10,NA,24,35,NA,17
1174,Berlin,2005,female,average,16175.076660988077,74,50,62.78,0,53.55,4,6.35,29.98,35,PM10,NA,24,35,NA,17
1173,Berlin,2005,female,recreational,17395.79113384484,74,50,62.78,0,53.55,4,6.35,29.98,35,PM10,NA,24,35,NA,17
1173,Berlin,2005,female,slow,19607.58738277918,74,50,62.78,0,53.55,4,6.35,29.98,35,PM10,NA,24,35,NA,17
4901,Berlin,2005,male,elite,11567.517445419353,74,50,62.78,0,53.55,4,6.35,29.98,35,PM10,NA,24,35,NA,17
4901,Berlin,2005,male,competitive,13381.105284635785,74,50,62.78,0,53.55,4,6.35,29.98,35,PM10,NA,24,35,NA,17
4901,Berlin,2005,male,average,14565.009997959602,74,50,62.78,0,53.55,4,6.35,29.98,35,PM10,NA,24,35,NA,17
4901,Berlin,2005,male,recreational,15916.991022240349,74,50,62.78,0,53.55,4,6.35,29.98,35,PM10,NA,24,35,NA,17
4901,Berlin,2005,male,slow,18391.508671699725,74,50,62.78,0,53.55,4,6.35,29.98,35,PM10,NA,24,35,NA,17
1218,Berlin,2006,female,elite,13392.888341543523,82,54,68.9,0,52.04,11,6.17,29.94,36,Ozone,NA,36,30,NA,8
1217,Berlin,2006,female,competitive,15246.478225143792,82,54,68.9,0,52.04,11,6.17,29.94,36,Ozone,NA,36,30,NA,8
1217,Berlin,2006,female,average,16488.285127362375,82,54,68.9,0,52.04,11,6.17,29.94,36,Ozone,NA,36,30,NA,8
1217,Berlin,2006,female,recreational,17738.30566967954,82,54,68.9,0,52.04,11,6.17,29.94,36,Ozone,NA,36,30,NA,8
1217,Berlin,2006,female,slow,19970.64502875923,82,54,68.9,0,52.04,11,6.17,29.94,36,Ozone,NA,36,30,NA,8
4820,Berlin,2006,male,elite,11772.464315352672,82,54,68.9,0,52.04,11,6.17,29.94,36,Ozone,NA,36,30,NA,8
4819,Berlin,2006,male,competitive,13612.058725876741,82,54,68.9,0,52.04,11,6.17,29.94,36,Ozone,NA,36,30,NA,8
4819,Berlin,2006,male,average,14854.153143805755,82,54,68.9,0,52.04,11,6.17,29.94,36,Ozone,NA,36,30,NA,8
4819,Berlin,2006,male,recreational,16296.799335961823,82,54,68.9,0,52.04,11,6.17,29.94,36,Ozone,NA,36,30,NA,8
4819,Berlin,2006,male,slow,18816.538700975238,82,54,68.9,0,52.04,11,6.17,29.94,36,Ozone,NA,36,30,NA,8
1298,Berlin,2007,female,elite,13106.893682588605,61,52,56.3,0,49.84,9,6.39,30.13,14,Ozone,NA,14,12,NA,11
1297,Berlin,2007,female,competitive,14741.06784888204,61,52,56.3,0,49.84,9,6.39,30.13,14,Ozone,NA,14,12,NA,11
1297,Berlin,2007,female,average,15886.19121048574,61,52,56.3,0,49.84,9,6.39,30.13,14,Ozone,NA,14,12,NA,11
1297,Berlin,2007,female,recreational,17130.184271395527,61,52,56.3,0,49.84,9,6.39,30.13,14,Ozone,NA,14,12,NA,11
1297,Berlin,2007,female,slow,19444.4294525829,61,52,56.3,0,49.84,9,6.39,30.13,14,Ozone,NA,14,12,NA,11
5200,Berlin,2007,male,elite,11486.367500000033,61,52,56.3,0,49.84,9,6.39,30.13,14,Ozone,NA,14,12,NA,11
5200,Berlin,2007,male,competitive,13167.861346153823,61,52,56.3,0,49.84,9,6.39,30.13,14,Ozone,NA,14,12,NA,11
5200,Berlin,2007,male,average,14266.596153846174,61,52,56.3,0,49.84,9,6.39,30.13,14,Ozone,NA,14,12,NA,11
5200,Berlin,2007,male,recreational,15559.160192307714,61,52,56.3,0,49.84,9,6.39,30.13,14,Ozone,NA,14,12,NA,11
5200,Berlin,2007,male,slow,18049.713269230713,61,52,56.3,0,49.84,9,6.39,30.13,14,Ozone,NA,14,12,NA,11
1481,Berlin,2008,female,elite,13038.154625253204,64,42,54.14,0,46.34,6,6.21,30.22,26,PM10,NA,19,26,NA,15
1481,Berlin,2008,female,competitive,14710.399054692782,64,42,54.14,0,46.34,6,6.21,30.22,26,PM10,NA,19,26,NA,15
1481,Berlin,2008,female,average,15900.537474679275,64,42,54.14,0,46.34,6,6.21,30.22,26,PM10,NA,19,26,NA,15
1481,Berlin,2008,female,recreational,17157.318703578658,64,42,54.14,0,46.34,6,6.21,30.22,26,PM10,NA,19,26,NA,15
1481,Berlin,2008,female,slow,19407.983794733278,64,42,54.14,0,46.34,6,6.21,30.22,26,PM10,NA,19,26,NA,15
5666,Berlin,2008,male,elite,11401.771796681998,64,42,54.14,0,46.34,6,6.21,30.22,26,PM10,NA,19,26,NA,15
5666,Berlin,2008,male,competitive,13132.691316625502,64,42,54.14,0,46.34,6,6.21,30.22,26,PM10,NA,19,26,NA,15
5665,Berlin,2008,male,average,14258.590291262135,64,42,54.14,0,46.34,6,6.21,30.22,26,PM10,NA,19,26,NA,15
5665,Berlin,2008,male,recreational,15601.921094439549,64,42,54.14,0,46.34,6,6.21,30.22,26,PM10,NA,19,26,NA,15
5665,Berlin,2008,male,slow,18113.696910856055,64,42,54.14,0,46.34,6,6.21,30.22,26,PM10,NA,19,26,NA,15
1414,Berlin,2009,female,elite,13290.934936350768,78,48,63.32,0,50.54,3,NA,30.06,32,PM10,NA,22,32,NA,20
1413,Berlin,2009,female,competitive,15054.0559094126,78,48,63.32,0,50.54,3,NA,30.06,32,PM10,NA,22,32,NA,20
1413,Berlin,2009,female,average,16221.69709837225,78,48,63.32,0,50.54,3,NA,30.06,32,PM10,NA,22,32,NA,20
1413,Berlin,2009,female,recreational,17470.69568294409,78,48,63.32,0,50.54,3,NA,30.06,32,PM10,NA,22,32,NA,20
1413,Berlin,2009,female,slow,19785.399858457207,78,48,63.32,0,50.54,3,NA,30.06,32,PM10,NA,22,32,NA,20
5590,Berlin,2009,male,elite,11594.830590339934,78,48,63.32,0,50.54,3,NA,30.06,32,PM10,NA,22,32,NA,20
5590,Berlin,2009,male,competitive,13438.415384615362,78,48,63.32,0,50.54,3,NA,30.06,32,PM10,NA,22,32,NA,20
5590,Berlin,2009,male,average,14658.06708407873,78,48,63.32,0,50.54,3,NA,30.06,32,PM10,NA,22,32,NA,20
5590,Berlin,2009,male,recreational,16077.64436493735,78,48,63.32,0,50.54,3,NA,30.06,32,PM10,NA,22,32,NA,20
5589,Berlin,2009,male,slow,18572.42905707632,78,48,63.32,0,50.54,3,NA,30.06,32,PM10,NA,22,32,NA,20
1480,Berlin,2010,female,elite,13076.781756756745,52,49,52.16,0.85,51.39,7,NA,29.65,13,Ozone,NA,13,NA,NA,8
1480,Berlin,2010,female,competitive,14747.981081081074,52,49,52.16,0.85,51.39,7,NA,29.65,13,Ozone,NA,13,NA,NA,8
1479,Berlin,2010,female,average,15917.70453008789,52,49,52.16,0.85,51.39,7,NA,29.65,13,Ozone,NA,13,NA,NA,8
1479,Berlin,2010,female,recreational,17108.37322515212,52,49,52.16,0.85,51.39,7,NA,29.65,13,Ozone,NA,13,NA,NA,8
1479,Berlin,2010,female,slow,19499.87559161598,52,49,52.16,0.85,51.39,7,NA,29.65,13,Ozone,NA,13,NA,NA,8
5321,Berlin,2010,male,elite,11413.928021048689,52,49,52.16,0.85,51.39,7,NA,29.65,13,Ozone,NA,13,NA,NA,8
5321,Berlin,2010,male,competitive,13065.919563991743,52,49,52.16,0.85,51.39,7,NA,29.65,13,Ozone,NA,13,NA,NA,8
5321,Berlin,2010,male,average,14153.65795903027,52,49,52.16,0.85,51.39,7,NA,29.65,13,Ozone,NA,13,NA,NA,8
5321,Berlin,2010,male,recreational,15402.502349182472,52,49,52.16,0.85,51.39,7,NA,29.65,13,Ozone,NA,13,NA,NA,8
5320,Berlin,2010,male,slow,17859.390601503837,52,49,52.16,0.85,51.39,7,NA,29.65,13,Ozone,NA,13,NA,NA,8
1477,Berlin,2011,female,elite,13112.464454976305,72,45,59.36,0,48.64,3,NA,30.13,28,PM10,NA,18,28,NA,20
1477,Berlin,2011,female,competitive,14821.410968178745,72,45,59.36,0,48.64,3,NA,30.13,28,PM10,NA,18,28,NA,20
1476,Berlin,2011,female,average,16038.107723577232,72,45,59.36,0,48.64,3,NA,30.13,28,PM10,NA,18,28,NA,20
1476,Berlin,2011,female,recreational,17312.14092140921,72,45,59.36,0,48.64,3,NA,30.13,28,PM10,NA,18,28,NA,20
1476,Berlin,2011,female,slow,19769.939024390278,72,45,59.36,0,48.64,3,NA,30.13,28,PM10,NA,18,28,NA,20
5107,Berlin,2011,male,elite,11462.037595457257,72,45,59.36,0,48.64,3,NA,30.13,28,PM10,NA,18,28,NA,20
5107,Berlin,2011,male,competitive,13205.510867436838,72,45,59.36,0,48.64,3,NA,30.13,28,PM10,NA,18,28,NA,20
5106,Berlin,2011,male,average,14371.4328241285,72,45,59.36,0,48.64,3,NA,30.13,28,PM10,NA,18,28,NA,20
5106,Berlin,2011,male,recreational,15775.040932236596,72,45,59.36,0,48.64,3,NA,30.13,28,PM10,NA,18,28,NA,20
5106,Berlin,2011,male,slow,18421.46827262053,72,45,59.36,0,48.64,3,NA,30.13,28,PM10,NA,18,28,NA,20
1574,Berlin,2012,female,elite,13011.30050825921,62,41,52.88,0,43.72,8,NA,30.13,18,Ozone,NA,18,16,NA,15
1574,Berlin,2012,female,competitive,14622.683608640416,62,41,52.88,0,43.72,8,NA,30.13,18,Ozone,NA,18,16,NA,15
1574,Berlin,2012,female,average,15796.07878017789,62,41,52.88,0,43.72,8,NA,30.13,18,Ozone,NA,18,16,NA,15
1573,Berlin,2012,female,recreational,17093.24984106803,62,41,52.88,0,43.72,8,NA,30.13,18,Ozone,NA,18,16,NA,15
1573,Berlin,2012,female,slow,19495.676414494574,62,41,52.88,0,43.72,8,NA,30.13,18,Ozone,NA,18,16,NA,15
5281,Berlin,2012,male,elite,11355.986555576626,62,41,52.88,0,43.72,8,NA,30.13,18,Ozone,NA,18,16,NA,15
5281,Berlin,2012,male,competitive,13006.790569967796,62,41,52.88,0,43.72,8,NA,30.13,18,Ozone,NA,18,16,NA,15
5280,Berlin,2012,male,average,14159.441666666678,62,41,52.88,0,43.72,8,NA,30.13,18,Ozone,NA,18,16,NA,15
5280,Berlin,2012,male,recreational,15492.119886363647,62,41,52.88,0,43.72,8,NA,30.13,18,Ozone,NA,18,16,NA,15
5280,Berlin,2012,male,slow,18130.884280303035,62,41,52.88,0,43.72,8,NA,30.13,18,Ozone,NA,18,16,NA,15
1784,Berlin,2013,female,elite,12997.730381165939,59,40,48.56,0,41.59,7,NA,30.09,13,Ozone,NA,13,11,NA,9
1784,Berlin,2013,female,competitive,14575.96132286995,59,40,48.56,0,41.59,7,NA,30.09,13,Ozone,NA,13,11,NA,9
1784,Berlin,2013,female,average,15762.447309417043,59,40,48.56,0,41.59,7,NA,30.09,13,Ozone,NA,13,11,NA,9
1783,Berlin,2013,female,recreational,17017.16993830623,59,40,48.56,0,41.59,7,NA,30.09,13,Ozone,NA,13,11,NA,9
1783,Berlin,2013,female,slow,19350.26752664053,59,40,48.56,0,41.59,7,NA,30.09,13,Ozone,NA,13,11,NA,9
5511,Berlin,2013,male,elite,11311.809290509875,59,40,48.56,0,41.59,7,NA,30.09,13,Ozone,NA,13,11,NA,9
5511,Berlin,2013,male,competitive,12951.770640537092,59,40,48.56,0,41.59,7,NA,30.09,13,Ozone,NA,13,11,NA,9
5511,Berlin,2013,male,average,14050.075666848135,59,40,48.56,0,41.59,7,NA,30.09,13,Ozone,NA,13,11,NA,9
5511,Berlin,2013,male,recreational,15340.774451097821,59,40,48.56,0,41.59,7,NA,30.09,13,Ozone,NA,13,11,NA,9
5511,Berlin,2013,male,slow,17962.80493558338,59,40,48.56,0,41.59,7,NA,30.09,13,Ozone,NA,13,11,NA,9
1354,Berlin,2014,female,elite,12911.47932053175,70,41,56.66,0,49.8,3,NA,30.32,22,NO2,NA,12,21,NA,22
1354,Berlin,2014,female,competitive,14583.022156573123,70,41,56.66,0,49.8,3,NA,30.32,22,NO2,NA,12,21,NA,22
1354,Berlin,2014,female,average,15806.584194977837,70,41,56.66,0,49.8,3,NA,30.32,22,NO2,NA,12,21,NA,22
1353,Berlin,2014,female,recreational,17217.977827051003,70,41,56.66,0,49.8,3,NA,30.32,22,NO2,NA,12,21,NA,22
1353,Berlin,2014,female,slow,19769.47819660017,70,41,56.66,0,49.8,3,NA,30.32,22,NO2,NA,12,21,NA,22
4436,Berlin,2014,male,elite,11300.897880973893,70,41,56.66,0,49.8,3,NA,30.32,22,NO2,NA,12,21,NA,22
4436,Berlin,2014,male,competitive,13026.174030658267,70,41,56.66,0,49.8,3,NA,30.32,22,NO2,NA,12,21,NA,22
4435,Berlin,2014,male,average,14189.113190529883,70,41,56.66,0,49.8,3,NA,30.32,22,NO2,NA,12,21,NA,22
4435,Berlin,2014,male,recreational,15616.05163472379,70,41,56.66,0,49.8,3,NA,30.32,22,NO2,NA,12,21,NA,22
4435,Berlin,2014,male,slow,18405.408342728224,70,41,56.66,0,49.8,3,NA,30.32,22,NO2,NA,12,21,NA,22
1782,Berlin,2015,female,elite,12829.392255892239,62,41,51.44,0,44.06,4,NA,30.45,14,NO2,NA,14,12,NA,14
1782,Berlin,2015,female,competitive,14530.634680134677,62,41,51.44,0,44.06,4,NA,30.45,14,NO2,NA,14,12,NA,14
1782,Berlin,2015,female,average,15784.224466891126,62,41,51.44,0,44.06,4,NA,30.45,14,NO2,NA,14,12,NA,14
1782,Berlin,2015,female,recreational,17189.148709315366,62,41,51.44,0,44.06,4,NA,30.45,14,NO2,NA,14,12,NA,14
1782,Berlin,2015,female,slow,19775.216049382736,62,41,51.44,0,44.06,4,NA,30.45,14,NO2,NA,14,12,NA,14
5569,Berlin,2015,male,elite,11183.571197701513,62,41,51.44,0,44.06,4,NA,30.45,14,NO2,NA,14,12,NA,14
5569,Berlin,2015,male,competitive,12951.289639073457,62,41,51.44,0,44.06,4,NA,30.45,14,NO2,NA,14,12,NA,14
5569,Berlin,2015,male,average,14146.781289279956,62,41,51.44,0,44.06,4,NA,30.45,14,NO2,NA,14,12,NA,14
5568,Berlin,2015,male,recreational,15586.36961206899,62,41,51.44,0,44.06,4,NA,30.45,14,NO2,NA,14,12,NA,14
5568,Berlin,2015,male,slow,18382.352729885137,62,41,51.44,0,44.06,4,NA,30.45,14,NO2,NA,14,12,NA,14
1846,Berlin,2016,female,elite,12942.497291440948,73,47,60.44,0,47.1,6,NA,30.19,29,Ozone,NA,29,22,NA,13
1845,Berlin,2016,female,competitive,14711.715447154465,73,47,60.44,0,47.1,6,NA,30.19,29,Ozone,NA,29,22,NA,13
1845,Berlin,2016,female,average,16066.693224932256,73,47,60.44,0,47.1,6,NA,30.19,29,Ozone,NA,29,22,NA,13
1845,Berlin,2016,female,recreational,17546.292140921414,73,47,60.44,0,47.1,6,NA,30.19,29,Ozone,NA,29,22,NA,13
1845,Berlin,2016,female,slow,20305.012466124685,73,47,60.44,0,47.1,6,NA,30.19,29,Ozone,NA,29,22,NA,13
5353,Berlin,2016,male,elite,11309.08686717721,73,47,60.44,0,47.1,6,NA,30.19,29,Ozone,NA,29,22,NA,13
5353,Berlin,2016,male,competitive,13181.713431720551,73,47,60.44,0,47.1,6,NA,30.19,29,Ozone,NA,29,22,NA,13
5353,Berlin,2016,male,average,14430.587707827417,73,47,60.44,0,47.1,6,NA,30.19,29,Ozone,NA,29,22,NA,13
5353,Berlin,2016,male,recreational,15958.160657575203,73,47,60.44,0,47.1,6,NA,30.19,29,Ozone,NA,29,22,NA,13
5353,Berlin,2016,male,slow,18919.373435456735,73,47,60.44,0,47.1,6,NA,30.19,29,Ozone,NA,29,22,NA,13
2214,Berlin,2017,female,elite,12952.51355013548,62,54,57.92,0.2,57.35,5,NA,30.19,72,PM2.5,NA,10,25,72,7
2214,Berlin,2017,female,competitive,14745.046973803064,62,54,57.92,0.2,57.35,5,NA,30.19,72,PM2.5,NA,10,25,72,7
2214,Berlin,2017,female,average,16069.927280939475,62,54,57.92,0.2,57.35,5,NA,30.19,72,PM2.5,NA,10,25,72,7
2214,Berlin,2017,female,recreational,17531.015808491404,62,54,57.92,0.2,57.35,5,NA,30.19,72,PM2.5,NA,10,25,72,7
2213,Berlin,2017,female,slow,20260.00542250338,62,54,57.92,0.2,57.35,5,NA,30.19,72,PM2.5,NA,10,25,72,7
5631,Berlin,2017,male,elite,11261.630261054815,62,54,57.92,0.2,57.35,5,NA,30.19,72,PM2.5,NA,10,25,72,7
5631,Berlin,2017,male,competitive,13119.599893446972,62,54,57.92,0.2,57.35,5,NA,30.19,72,PM2.5,NA,10,25,72,7
5631,Berlin,2017,male,average,14369.472207423201,62,54,57.92,0.2,57.35,5,NA,30.19,72,PM2.5,NA,10,25,72,7
5631,Berlin,2017,male,recreational,15855.728645000923,62,54,57.92,0.2,57.35,5,NA,30.19,72,PM2.5,NA,10,25,72,7
5630,Berlin,2017,male,slow,18766.164298401553,62,54,57.92,0.2,57.35,5,NA,30.19,72,PM2.5,NA,10,25,72,7
2454,Berlin,2018,female,elite,12986.734718826432,72,48,60.44,0,49.27,4,NA,30.23,38,PM2.5,NA,20,14,38,15
2454,Berlin,2018,female,competitive,14938.029747351273,72,48,60.44,0,49.27,4,NA,30.23,38,PM2.5,NA,20,14,38,15
2454,Berlin,2018,female,average,16476.5599022005,72,48,60.44,0,49.27,4,NA,30.23,38,PM2.5,NA,20,14,38,15
2454,Berlin,2018,female,recreational,18096.69315403425,72,48,60.44,0,49.27,4,NA,30.23,38,PM2.5,NA,20,14,38,15
2453,Berlin,2018,female,slow,21025.450876477742,72,48,60.44,0,49.27,4,NA,30.23,38,PM2.5,NA,20,14,38,15
5675,Berlin,2018,male,elite,11341.011277532973,72,48,60.44,0,49.27,4,NA,30.23,38,PM2.5,NA,20,14,38,15
5675,Berlin,2018,male,competitive,13296.115242290725,72,48,60.44,0,49.27,4,NA,30.23,38,PM2.5,NA,20,14,38,15
5674,Berlin,2018,male,average,14655.817236517445,72,48,60.44,0,49.27,4,NA,30.23,38,PM2.5,NA,20,14,38,15
5674,Berlin,2018,male,recreational,16389.8050757843,72,48,60.44,0,49.27,4,NA,30.23,38,PM2.5,NA,20,14,38,15
5674,Berlin,2018,male,slow,19499.8101868172,72,48,60.44,0,49.27,4,NA,30.23,38,PM2.5,NA,20,14,38,15
6160,Berlin,2019,male,elite,11016.055194805182,62,52,57.92,0.22,53.51,11,NA,29.66,21,PM2.5,NA,18,7,21,7
6159,Berlin,2019,male,competitive,12923.006819288832,62,52,57.92,0.22,53.51,11,NA,29.66,21,PM2.5,NA,18,7,21,7
6159,Berlin,2019,male,average,14201.576067543408,62,52,57.92,0.22,53.51,11,NA,29.66,21,PM2.5,NA,18,7,21,7
6159,Berlin,2019,male,recreational,15754.424257184604,62,52,57.92,0.22,53.51,11,NA,29.66,21,PM2.5,NA,18,7,21,7
6159,Berlin,2019,male,slow,18904.123234291314,62,52,57.92,0.22,53.51,11,NA,29.66,21,PM2.5,NA,18,7,21,7
1696,Boston,1996,female,elite,12984.734080188682,45,36,40.46,0,24.17,20,10,30.21,69,PM10,13,41,69,NA,34
1696,Boston,1996,female,competitive,14545.847877358487,45,36,40.46,0,24.17,20,10,30.21,69,PM10,13,41,69,NA,34
1696,Boston,1996,female,average,15583.022405660387,45,36,40.46,0,24.17,20,10,30.21,69,PM10,13,41,69,NA,34
1696,Boston,1996,female,recreational,17036.317216981122,45,36,40.46,0,24.17,20,10,30.21,69,PM10,13,41,69,NA,34
1695,Boston,1996,female,slow,20239.92212389376,45,36,40.46,0,24.17,20,10,30.21,69,PM10,13,41,69,NA,34
5466,Boston,1996,male,elite,10927.324368825497,45,36,40.46,0,24.17,20,10,30.21,69,PM10,13,41,69,NA,34
5466,Boston,1996,male,competitive,12595.53512623491,45,36,40.46,0,24.17,20,10,30.21,69,PM10,13,41,69,NA,34
5465,Boston,1996,male,average,13899.236596523342,45,36,40.46,0,24.17,20,10,30.21,69,PM10,13,41,69,NA,34
5465,Boston,1996,male,recreational,15670.892772186688,45,36,40.46,0,24.17,20,10,30.21,69,PM10,13,41,69,NA,34
5465,Boston,1996,male,slow,19040.74803293691,45,36,40.46,0,24.17,20,10,30.21,69,PM10,13,41,69,NA,34
497,Boston,1997,female,elite,12019.758551307845,51,42,47.04,0,40.96,13,10,29.77,57,NO2,15,44,NA,NA,57
497,Boston,1997,female,competitive,13268.702213279677,51,42,47.04,0,40.96,13,10,29.77,57,NO2,15,44,NA,NA,57
497,Boston,1997,female,average,14052.301810865192,51,42,47.04,0,40.96,13,10,29.77,57,NO2,15,44,NA,NA,57
496,Boston,1997,female,recreational,14962.294354838708,51,42,47.04,0,40.96,13,10,29.77,57,NO2,15,44,NA,NA,57
496,Boston,1997,female,slow,16733.310483870966,51,42,47.04,0,40.96,13,10,29.77,57,NO2,15,44,NA,NA,57
1287,Boston,1997,male,elite,10532.032634032637,51,42,47.04,0,40.96,13,10,29.77,57,NO2,15,44,NA,NA,57
1287,Boston,1997,male,competitive,11751.749028749024,51,42,47.04,0,40.96,13,10,29.77,57,NO2,15,44,NA,NA,57
1286,Boston,1997,male,average,12624.799377916015,51,42,47.04,0,40.96,13,10,29.77,57,NO2,15,44,NA,NA,57
1286,Boston,1997,male,recreational,13769.332037325034,51,42,47.04,0,40.96,13,10,29.77,57,NO2,15,44,NA,NA,57
1286,Boston,1997,male,slow,16026.087091757398,51,42,47.04,0,40.96,13,10,29.77,57,NO2,15,44,NA,NA,57
631,Boston,1998,female,elite,12022.5911251981,54,45,48.62,0,43.38,20,10,29.99,49,Ozone,17,49,NA,NA,41
631,Boston,1998,female,competitive,13241.14263074485,54,45,48.62,0,43.38,20,10,29.99,49,Ozone,17,49,NA,NA,41
631,Boston,1998,female,average,14053.952456418385,54,45,48.62,0,43.38,20,10,29.99,49,Ozone,17,49,NA,NA,41
630,Boston,1998,female,recreational,15185.433333333332,54,45,48.62,0,43.38,20,10,29.99,49,Ozone,17,49,NA,NA,41
630,Boston,1998,female,slow,17563.403174603172,54,45,48.62,0,43.38,20,10,29.99,49,Ozone,17,49,NA,NA,41
1433,Boston,1998,male,elite,10435.096301465455,54,45,48.62,0,43.38,20,10,29.99,49,Ozone,17,49,NA,NA,41
1433,Boston,1998,male,competitive,11631.588974180037,54,45,48.62,0,43.38,20,10,29.99,49,Ozone,17,49,NA,NA,41
1433,Boston,1998,male,average,12507.583391486387,54,45,48.62,0,43.38,20,10,29.99,49,Ozone,17,49,NA,NA,41
1433,Boston,1998,male,recreational,13750.057222609905,54,45,48.62,0,43.38,20,10,29.99,49,Ozone,17,49,NA,NA,41
1432,Boston,1998,male,slow,16495.018156424587,54,45,48.62,0,43.38,20,10,29.99,49,Ozone,17,49,NA,NA,41
754,Boston,1999,female,elite,12303.338196286475,57,47,51.09,0,38.35,15,10,29.94,53,NO2,14,48,NA,47,53
754,Boston,1999,female,competitive,13535.748010610077,57,47,51.09,0,38.35,15,10,29.94,53,NO2,14,48,NA,47,53
753,Boston,1999,female,average,14330.156706507305,57,47,51.09,0,38.35,15,10,29.94,53,NO2,14,48,NA,47,53
753,Boston,1999,female,recreational,15480.746347941562,57,47,51.09,0,38.35,15,10,29.94,53,NO2,14,48,NA,47,53
753,Boston,1999,female,slow,17912.516600265604,57,47,51.09,0,38.35,15,10,29.94,53,NO2,14,48,NA,47,53
1505,Boston,1999,male,elite,10694.950830564787,57,47,51.09,0,38.35,15,10,29.94,53,NO2,14,48,NA,47,53
1505,Boston,1999,male,competitive,11991.813953488376,57,47,51.09,0,38.35,15,10,29.94,53,NO2,14,48,NA,47,53
1505,Boston,1999,male,average,13000.036544850494,57,47,51.09,0,38.35,15,10,29.94,53,NO2,14,48,NA,47,53
1505,Boston,1999,male,recreational,14318.419269103,57,47,51.09,0,38.35,15,10,29.94,53,NO2,14,48,NA,47,53
1505,Boston,1999,male,slow,17108.82259136212,57,47,51.09,0,38.35,15,10,29.94,53,NO2,14,48,NA,47,53
1095,Boston,2000,female,elite,12055.495890410954,48,40,43,0,30.43,21,10,30.27,55,PM2.5,7,42,NA,55,30
1095,Boston,2000,female,competitive,13094.847488584473,48,40,43,0,30.43,21,10,30.27,55,PM2.5,7,42,NA,55,30
1095,Boston,2000,female,average,13766.506849315068,48,40,43,0,30.43,21,10,30.27,55,PM2.5,7,42,NA,55,30
1094,Boston,2000,female,recreational,14687.542961608779,48,40,43,0,30.43,21,10,30.27,55,PM2.5,7,42,NA,55,30
1094,Boston,2000,female,slow,17067.608775137116,48,40,43,0,30.43,21,10,30.27,55,PM2.5,7,42,NA,55,30
2042,Boston,2000,male,elite,10551.026444662093,48,40,43,0,30.43,21,10,30.27,55,PM2.5,7,42,NA,55,30
2042,Boston,2000,male,competitive,11652.70617042116,48,40,43,0,30.43,21,10,30.27,55,PM2.5,7,42,NA,55,30
2041,Boston,2000,male,average,12440.540911317985,48,40,43,0,30.43,21,10,30.27,55,PM2.5,7,42,NA,55,30
2041,Boston,2000,male,recreational,13493.009309162175,48,40,43,0,30.43,21,10,30.27,55,PM2.5,7,42,NA,55,30
2041,Boston,2000,male,slow,16124.205781479677,48,40,43,0,30.43,21,10,30.27,55,PM2.5,7,42,NA,55,30
961,Boston,2001,female,elite,12144.13215400624,47,39,43.83,0,33.78,15,10,29.75,57,PM2.5,9,50,NA,57,42
961,Boston,2001,female,competitive,13230.444328824138,47,39,43.83,0,33.78,15,10,29.75,57,PM2.5,9,50,NA,57,42
961,Boston,2001,female,average,13910.932362122792,47,39,43.83,0,33.78,15,10,29.75,57,PM2.5,9,50,NA,57,42
961,Boston,2001,female,recreational,14942.06763787721,47,39,43.83,0,33.78,15,10,29.75,57,PM2.5,9,50,NA,57,42
961,Boston,2001,female,slow,17402.684703433915,47,39,43.83,0,33.78,15,10,29.75,57,PM2.5,9,50,NA,57,42
1716,Boston,2001,male,elite,10657.15617715618,47,39,43.83,0,33.78,15,10,29.75,57,PM2.5,9,50,NA,57,42
1716,Boston,2001,male,competitive,11847.632867132867,47,39,43.83,0,33.78,15,10,29.75,57,PM2.5,9,50,NA,57,42
1716,Boston,2001,male,average,12735.093240093243,47,39,43.83,0,33.78,15,10,29.75,57,PM2.5,9,50,NA,57,42
1716,Boston,2001,male,recreational,13969.216783216789,47,39,43.83,0,33.78,15,10,29.75,57,PM2.5,9,50,NA,57,42
1716,Boston,2001,male,slow,16782.365967366004,47,39,43.83,0,33.78,15,10,29.75,57,PM2.5,9,50,NA,57,42
1051,Boston,2002,female,elite,12066.11227402473,57,45,49.64,0,48.22,15,10,30.04,62,PM2.5,13,35,NA,62,38
1050,Boston,2002,female,competitive,13151.215238095241,57,45,49.64,0,48.22,15,10,30.04,62,PM2.5,13,35,NA,62,38
1050,Boston,2002,female,average,13830.974285714286,57,45,49.64,0,48.22,15,10,30.04,62,PM2.5,13,35,NA,62,38
1050,Boston,2002,female,recreational,14762.990476190484,57,45,49.64,0,48.22,15,10,30.04,62,PM2.5,13,35,NA,62,38
1050,Boston,2002,female,slow,16952.321904761917,57,45,49.64,0,48.22,15,10,30.04,62,PM2.5,13,35,NA,62,38
1830,Boston,2002,male,elite,10520.125683060107,57,45,49.64,0,48.22,15,10,30.04,62,PM2.5,13,35,NA,62,38
1829,Boston,2002,male,competitive,11662.669764898847,57,45,49.64,0,48.22,15,10,30.04,62,PM2.5,13,35,NA,62,38
1829,Boston,2002,male,average,12519.576817933299,57,45,49.64,0,48.22,15,10,30.04,62,PM2.5,13,35,NA,62,38
1829,Boston,2002,male,recreational,13692.641334062331,57,45,49.64,0,48.22,15,10,30.04,62,PM2.5,13,35,NA,62,38
1829,Boston,2002,male,slow,16303.910880262478,57,45,49.64,0,48.22,15,10,30.04,62,PM2.5,13,35,NA,62,38
1260,Boston,2003,female,elite,12484.207936507933,53,41,47.3,0,37.74,25,10,30.15,71,Ozone,10,71,33,59,43
1260,Boston,2003,female,competitive,13600.568253968251,53,41,47.3,0,37.74,25,10,30.15,71,Ozone,10,71,33,59,43
1260,Boston,2003,female,average,14362.925396825398,53,41,47.3,0,37.74,25,10,30.15,71,Ozone,10,71,33,59,43
1259,Boston,2003,female,recreational,15510.967434471808,53,41,47.3,0,37.74,25,10,30.15,71,Ozone,10,71,33,59,43
1259,Boston,2003,female,slow,17920.71247021445,53,41,47.3,0,37.74,25,10,30.15,71,Ozone,10,71,33,59,43
2144,Boston,2003,male,elite,11093.810634328363,53,41,47.3,0,37.74,25,10,30.15,71,Ozone,10,71,33,59,43
2144,Boston,2003,male,competitive,12378.924906716416,53,41,47.3,0,37.74,25,10,30.15,71,Ozone,10,71,33,59,43
2144,Boston,2003,male,average,13356.797108208953,53,41,47.3,0,37.74,25,10,30.15,71,Ozone,10,71,33,59,43
2144,Boston,2003,male,recreational,14569.521455223881,53,41,47.3,0,37.74,25,10,30.15,71,Ozone,10,71,33,59,43
2144,Boston,2003,male,slow,17274.094682835843,53,41,47.3,0,37.74,25,10,30.15,71,Ozone,10,71,33,59,43
1248,Boston,2004,female,elite,13160.991185897434,86,45,62.54,0,46.15,29,10,30.27,100,Ozone,5,100,NA,85,57
1248,Boston,2004,female,competitive,14473.552884615385,86,45,62.54,0,46.15,29,10,30.27,100,Ozone,5,100,NA,85,57
1248,Boston,2004,female,average,15417.58653846154,86,45,62.54,0,46.15,29,10,30.27,100,Ozone,5,100,NA,85,57
1248,Boston,2004,female,recreational,16634.10176282052,86,45,62.54,0,46.15,29,10,30.27,100,Ozone,5,100,NA,85,57
1247,Boston,2004,female,slow,19049.522052927026,86,45,62.54,0,46.15,29,10,30.27,100,Ozone,5,100,NA,85,57
2100,Boston,2004,male,elite,11715.736190476195,86,45,62.54,0,46.15,29,10,30.27,100,Ozone,5,100,NA,85,57
2100,Boston,2004,male,competitive,13387.432380952374,86,45,62.54,0,46.15,29,10,30.27,100,Ozone,5,100,NA,85,57
2100,Boston,2004,male,average,14557.572380952388,86,45,62.54,0,46.15,29,10,30.27,100,Ozone,5,100,NA,85,57
2100,Boston,2004,male,recreational,16014.741904761904,86,45,62.54,0,46.15,29,10,30.27,100,Ozone,5,100,NA,85,57
2100,Boston,2004,male,slow,18558.459047619068,86,45,62.54,0,46.15,29,10,30.27,100,Ozone,5,100,NA,85,57
1329,Boston,2005,female,elite,12557.367945823922,72,37,55.74,0,30.17,13,10,30.05,58,PM2.5,9,51,NA,58,39
1329,Boston,2005,female,competitive,13716.398043641835,72,37,55.74,0,30.17,13,10,30.05,58,PM2.5,9,51,NA,58,39
1329,Boston,2005,female,average,14524.384499623779,72,37,55.74,0,30.17,13,10,30.05,58,PM2.5,9,51,NA,58,39
1329,Boston,2005,female,recreational,15635.824680210691,72,37,55.74,0,30.17,13,10,30.05,58,PM2.5,9,51,NA,58,39
1328,Boston,2005,female,slow,17924.645331325322,72,37,55.74,0,30.17,13,10,30.05,58,PM2.5,9,51,NA,58,39
2177,Boston,2005,male,elite,11104.737253100591,72,37,55.74,0,30.17,13,10,30.05,58,PM2.5,9,51,NA,58,39
2177,Boston,2005,male,competitive,12480.214056040426,72,37,55.74,0,30.17,13,10,30.05,58,PM2.5,9,51,NA,58,39
2177,Boston,2005,male,average,13519.833256775375,72,37,55.74,0,30.17,13,10,30.05,58,PM2.5,9,51,NA,58,39
2177,Boston,2005,male,recreational,14843.088194763437,72,37,55.74,0,30.17,13,10,30.05,58,PM2.5,9,51,NA,58,39
2176,Boston,2005,male,slow,17475.954503676483,72,37,55.74,0,30.17,13,10,30.05,58,PM2.5,9,51,NA,58,39
1524,Boston,2006,female,elite,12302.614829396332,53,44,47.44,0,35.24,16,10,29.81,39,Ozone,6,39,8,34,30
1524,Boston,2006,female,competitive,13343.610892388451,53,44,47.44,0,35.24,16,10,29.81,39,Ozone,6,39,8,34,30
1524,Boston,2006,female,average,14112.458661417322,53,44,47.44,0,35.24,16,10,29.81,39,Ozone,6,39,8,34,30
1523,Boston,2006,female,recreational,15120.230466185156,53,44,47.44,0,35.24,16,10,29.81,39,Ozone,6,39,8,34,30
1523,Boston,2006,female,slow,17544.08404464874,53,44,47.44,0,35.24,16,10,29.81,39,Ozone,6,39,8,34,30
2411,Boston,2006,male,elite,10792.197428452924,53,44,47.44,0,35.24,16,10,29.81,39,Ozone,6,39,8,34,30
2411,Boston,2006,male,competitive,12051.58772293655,53,44,47.44,0,35.24,16,10,29.81,39,Ozone,6,39,8,34,30
2411,Boston,2006,male,average,12944.982165076735,53,44,47.44,0,35.24,16,10,29.81,39,Ozone,6,39,8,34,30
2411,Boston,2006,male,recreational,14169.303608461216,53,44,47.44,0,35.24,16,10,29.81,39,Ozone,6,39,8,34,30
2410,Boston,2006,male,slow,16934.915352697128,53,44,47.44,0,35.24,16,10,29.81,39,Ozone,6,39,8,34,30
1594,Boston,2007,female,elite,12406.951693851935,48,42,45.6,0,43.09,39,10,29.35,52,PM2.5,5,49,NA,52,25
1594,Boston,2007,female,competitive,13553.319949811796,48,42,45.6,0,43.09,39,10,29.35,52,PM2.5,5,49,NA,52,25
1594,Boston,2007,female,average,14327.287327478036,48,42,45.6,0,43.09,39,10,29.35,52,PM2.5,5,49,NA,52,25
1594,Boston,2007,female,recreational,15448.506900878296,48,42,45.6,0,43.09,39,10,29.35,52,PM2.5,5,49,NA,52,25
1593,Boston,2007,female,slow,18158.1500313873,48,42,45.6,0,43.09,39,10,29.35,52,PM2.5,5,49,NA,52,25
2471,Boston,2007,male,elite,10929.71914204776,48,42,45.6,0,43.09,39,10,29.35,52,PM2.5,5,49,NA,52,25
2471,Boston,2007,male,competitive,12243.281667341167,48,42,45.6,0,43.09,39,10,29.35,52,PM2.5,5,49,NA,52,25
2471,Boston,2007,male,average,13179.550384459739,48,42,45.6,0,43.09,39,10,29.35,52,PM2.5,5,49,NA,52,25
2470,Boston,2007,male,recreational,14384.808097165982,48,42,45.6,0,43.09,39,10,29.35,52,PM2.5,5,49,NA,52,25
2470,Boston,2007,male,slow,17340.781781376474,48,42,45.6,0,43.09,39,10,29.35,52,PM2.5,5,49,NA,52,25
1786,Boston,2008,female,elite,12276.529115341546,52,45,47.85,0,42.74,13,10,30.38,56,PM2.5,7,49,NA,56,36
1786,Boston,2008,female,competitive,13384.46920492721,52,45,47.85,0,42.74,13,10,30.38,56,PM2.5,7,49,NA,56,36
1786,Boston,2008,female,average,14172.9568868981,52,45,47.85,0,42.74,13,10,30.38,56,PM2.5,7,49,NA,56,36
1786,Boston,2008,female,recreational,15259.511198208298,52,45,47.85,0,42.74,13,10,30.38,56,PM2.5,7,49,NA,56,36
1786,Boston,2008,female,slow,17884.033034714474,52,45,47.85,0,42.74,13,10,30.38,56,PM2.5,7,49,NA,56,36
2605,Boston,2008,male,elite,10765.152399232247,52,45,47.85,0,42.74,13,10,30.38,56,PM2.5,7,49,NA,56,36
2605,Boston,2008,male,competitive,12033.47408829174,52,45,47.85,0,42.74,13,10,30.38,56,PM2.5,7,49,NA,56,36
2604,Boston,2008,male,average,12997.000768049154,52,45,47.85,0,42.74,13,10,30.38,56,PM2.5,7,49,NA,56,36
2604,Boston,2008,male,recreational,14227.801075268808,52,45,47.85,0,42.74,13,10,30.38,56,PM2.5,7,49,NA,56,36
2604,Boston,2008,male,slow,17100.33064516133,52,45,47.85,0,42.74,13,10,30.38,56,PM2.5,7,49,NA,56,36
1860,Boston,2009,female,elite,12257.58387096775,48,39,43.56,0,37.88,20,10,30.29,47,Ozone,5,47,NA,45,36
1860,Boston,2009,female,competitive,13309.791935483872,48,39,43.56,0,37.88,20,10,30.29,47,Ozone,5,47,NA,45,36
1860,Boston,2009,female,average,14066.587634408597,48,39,43.56,0,37.88,20,10,30.29,47,Ozone,5,47,NA,45,36
1860,Boston,2009,female,recreational,15071.0559139785,48,39,43.56,0,37.88,20,10,30.29,47,Ozone,5,47,NA,45,36
1860,Boston,2009,female,slow,17668.150537634392,48,39,43.56,0,37.88,20,10,30.29,47,Ozone,5,47,NA,45,36
2708,Boston,2009,male,elite,10729.19017725259,48,39,43.56,0,37.88,20,10,30.29,47,Ozone,5,47,NA,45,36
2708,Boston,2009,male,competitive,11954.374076809461,48,39,43.56,0,37.88,20,10,30.29,47,Ozone,5,47,NA,45,36
2708,Boston,2009,male,average,12856.26107828656,48,39,43.56,0,37.88,20,10,30.29,47,Ozone,5,47,NA,45,36
2708,Boston,2009,male,recreational,14046.68906942392,48,39,43.56,0,37.88,20,10,30.29,47,Ozone,5,47,NA,45,36
2707,Boston,2009,male,slow,16887.802733653516,48,39,43.56,0,37.88,20,10,30.29,47,Ozone,5,47,NA,45,36
1894,Boston,2010,female,elite,12192.621964097156,60,40,50.39,0,31.78,18,10,29.91,40,Ozone,3,40,NA,39,29
1894,Boston,2010,female,competitive,13284.775607180567,60,40,50.39,0,31.78,18,10,29.91,40,Ozone,3,40,NA,39,29
1894,Boston,2010,female,average,14058.31573389652,60,40,50.39,0,31.78,18,10,29.91,40,Ozone,3,40,NA,39,29
1894,Boston,2010,female,recreational,15111.515839493139,60,40,50.39,0,31.78,18,10,29.91,40,Ozone,3,40,NA,39,29
1894,Boston,2010,female,slow,17617.880675818375,60,40,50.39,0,31.78,18,10,29.91,40,Ozone,3,40,NA,39,29
2615,Boston,2010,male,elite,10696.140726577441,60,40,50.39,0,31.78,18,10,29.91,40,Ozone,3,40,NA,39,29
2615,Boston,2010,male,competitive,11954.715487571697,60,40,50.39,0,31.78,18,10,29.91,40,Ozone,3,40,NA,39,29
2615,Boston,2010,male,average,12876.269980879539,60,40,50.39,0,31.78,18,10,29.91,40,Ozone,3,40,NA,39,29
2614,Boston,2010,male,recreational,14051.563504208108,60,40,50.39,0,31.78,18,10,29.91,40,Ozone,3,40,NA,39,29
2614,Boston,2010,male,slow,16912.478959449138,60,40,50.39,0,31.78,18,10,29.91,40,Ozone,3,40,NA,39,29
2015,Boston,2011,female,elite,12163.922084367241,61,44,52.58,0,27.67,25,10,30,53,PM2.5,5,47,8,53,20
2015,Boston,2011,female,competitive,13315.3905707196,61,44,52.58,0,27.67,25,10,30,53,PM2.5,5,47,8,53,20
2015,Boston,2011,female,average,14076.067493796529,61,44,52.58,0,27.67,25,10,30,53,PM2.5,5,47,8,53,20
2014,Boston,2011,female,recreational,15096.965739821244,61,44,52.58,0,27.67,25,10,30,53,PM2.5,5,47,8,53,20
2014,Boston,2011,female,slow,17675.76117179738,61,44,52.58,0,27.67,25,10,30,53,PM2.5,5,47,8,53,20
2763,Boston,2011,male,elite,10653.975750995296,61,44,52.58,0,27.67,25,10,30,53,PM2.5,5,47,8,53,20
2762,Boston,2011,male,competitive,11908.501810282398,61,44,52.58,0,27.67,25,10,30,53,PM2.5,5,47,8,53,20
2762,Boston,2011,male,average,12850.689355539467,61,44,52.58,0,27.67,25,10,30,53,PM2.5,5,47,8,53,20
2762,Boston,2011,male,recreational,14111.136495293247,61,44,52.58,0,27.67,25,10,30,53,PM2.5,5,47,8,53,20
2762,Boston,2011,male,slow,16999.52099927592,61,44,52.58,0,27.67,25,10,30,53,PM2.5,5,47,8,53,20
1794,Boston,2012,female,elite,13080.232441471555,84,62,71.09,0,55.43,18,10,29.98,100,Ozone,3,100,NA,73,31
1794,Boston,2012,female,competitive,14561.110367892974,84,62,71.09,0,55.43,18,10,29.98,100,Ozone,3,100,NA,73,31
1793,Boston,2012,female,average,15696.177914110434,84,62,71.09,0,55.43,18,10,29.98,100,Ozone,3,100,NA,73,31
1793,Boston,2012,female,recreational,17144.574456218623,84,62,71.09,0,55.43,18,10,29.98,100,Ozone,3,100,NA,73,31
1793,Boston,2012,female,slow,20469.122141661992,84,62,71.09,0,55.43,18,10,29.98,100,Ozone,3,100,NA,73,31
2518,Boston,2012,male,elite,11492.845512311353,84,62,71.09,0,55.43,18,10,29.98,100,Ozone,3,100,NA,73,31
2517,Boston,2012,male,competitive,13223.806515693268,84,62,71.09,0,55.43,18,10,29.98,100,Ozone,3,100,NA,73,31
2517,Boston,2012,male,average,14501.465236392532,84,62,71.09,0,55.43,18,10,29.98,100,Ozone,3,100,NA,73,31
2517,Boston,2012,male,recreational,16186.981326976562,84,62,71.09,0,55.43,18,10,29.98,100,Ozone,3,100,NA,73,31
2517,Boston,2012,male,slow,19707.295987286503,84,62,71.09,0,55.43,18,10,29.98,100,Ozone,3,100,NA,73,31
2857,Boston,2014,female,elite,12130.208260413016,68,37,51.38,0,32.21,15,10,30.31,74,Ozone,7,74,NA,54,34
2857,Boston,2014,female,competitive,13419.219110955553,68,37,51.38,0,32.21,15,10,30.31,74,Ozone,7,74,NA,54,34
2857,Boston,2014,female,average,14553.522576128791,68,37,51.38,0,32.21,15,10,30.31,74,Ozone,7,74,NA,54,34
2857,Boston,2014,female,recreational,16322.355267763402,68,37,51.38,0,32.21,15,10,30.31,74,Ozone,7,74,NA,54,34
2856,Boston,2014,female,slow,19801.398459383752,68,37,51.38,0,32.21,15,10,30.31,74,Ozone,7,74,NA,54,34
3505,Boston,2014,male,elite,10505.202853067058,68,37,51.38,0,32.21,15,10,30.31,74,Ozone,7,74,NA,54,34
3505,Boston,2014,male,competitive,11912.14921540657,68,37,51.38,0,32.21,15,10,30.31,74,Ozone,7,74,NA,54,34
3505,Boston,2014,male,average,13246.825392296725,68,37,51.38,0,32.21,15,10,30.31,74,Ozone,7,74,NA,54,34
3505,Boston,2014,male,recreational,15233.347788873029,68,37,51.38,0,32.21,15,10,30.31,74,Ozone,7,74,NA,54,34
3505,Boston,2014,male,slow,19028.08188302419,68,37,51.38,0,32.21,15,10,30.31,74,Ozone,7,74,NA,54,34
2404,Boston,2015,female,elite,11918.428452579035,52,41,44.74,0,42.4,22,10,30.23,43,PM2.5,2,42,9,43,25
2404,Boston,2015,female,competitive,12991.07279534109,52,41,44.74,0,42.4,22,10,30.23,43,PM2.5,2,42,9,43,25
2403,Boston,2015,female,average,13786.835622138999,52,41,44.74,0,42.4,22,10,30.23,43,PM2.5,2,42,9,43,25
2403,Boston,2015,female,recreational,14933.264253017047,52,41,44.74,0,42.4,22,10,30.23,43,PM2.5,2,42,9,43,25
2403,Boston,2015,female,slow,17879.70203911781,52,41,44.74,0,42.4,22,10,30.23,43,PM2.5,2,42,9,43,25
2917,Boston,2015,male,elite,10345.84984573193,52,41,44.74,0,42.4,22,10,30.23,43,PM2.5,2,42,9,43,25
2916,Boston,2015,male,competitive,11451.700960219472,52,41,44.74,0,42.4,22,10,30.23,43,PM2.5,2,42,9,43,25
2916,Boston,2015,male,average,12467.582647462285,52,41,44.74,0,42.4,22,10,30.23,43,PM2.5,2,42,9,43,25
2916,Boston,2015,male,recreational,13777.685528120704,52,41,44.74,0,42.4,22,10,30.23,43,PM2.5,2,42,9,43,25
2916,Boston,2015,male,slow,16935.722565157703,52,41,44.74,0,42.4,22,10,30.23,43,PM2.5,2,42,9,43,25
2434,Boston,2016,female,elite,12207.239934264599,66,44,50.96,0,34.21,20,10,30.21,55,PM2.5,5,54,19,55,40
2434,Boston,2016,female,competitive,13372.156532456858,66,44,50.96,0,34.21,20,10,30.21,55,PM2.5,5,54,19,55,40
2433,Boston,2016,female,average,14239.032881216599,66,44,50.96,0,34.21,20,10,30.21,55,PM2.5,5,54,19,55,40
2433,Boston,2016,female,recreational,15489.41676942045,66,44,50.96,0,34.21,20,10,30.21,55,PM2.5,5,54,19,55,40
2433,Boston,2016,female,slow,18463.792026305026,66,44,50.96,0,34.21,20,10,30.21,55,PM2.5,5,54,19,55,40
2893,Boston,2016,male,elite,10748.26754234359,66,44,50.96,0,34.21,20,10,30.21,55,PM2.5,5,54,19,55,40
2893,Boston,2016,male,competitive,12027.06463878326,66,44,50.96,0,34.21,20,10,30.21,55,PM2.5,5,54,19,55,40
2893,Boston,2016,male,average,13050.972347044573,66,44,50.96,0,34.21,20,10,30.21,55,PM2.5,5,54,19,55,40
2892,Boston,2016,male,recreational,14425.778699861678,66,44,50.96,0,34.21,20,10,30.21,55,PM2.5,5,54,19,55,40
2892,Boston,2016,male,slow,17522.447095435757,66,44,50.96,0,34.21,20,10,30.21,55,PM2.5,5,54,19,55,40
2395,Boston,2017,female,elite,12268.070981210834,74,52,65.87,0,43.09,22,10,30.12,52,PM2.5,3,46,6,52,18
2395,Boston,2017,female,competitive,13544.344467640924,74,52,65.87,0,43.09,22,10,30.12,52,PM2.5,3,46,6,52,18
2394,Boston,2017,female,average,14482.30659983292,74,52,65.87,0,43.09,22,10,30.12,52,PM2.5,3,46,6,52,18
2394,Boston,2017,female,recreational,15795.559314954064,74,52,65.87,0,43.09,22,10,30.12,52,PM2.5,3,46,6,52,18
2394,Boston,2017,female,slow,18638.813700918934,74,52,65.87,0,43.09,22,10,30.12,52,PM2.5,3,46,6,52,18
2888,Boston,2017,male,elite,10735.606994459817,74,52,65.87,0,43.09,22,10,30.12,52,PM2.5,3,46,6,52,18
2888,Boston,2017,male,competitive,12123.91066481995,74,52,65.87,0,43.09,22,10,30.12,52,PM2.5,3,46,6,52,18
2888,Boston,2017,male,average,13282.39854570638,74,52,65.87,0,43.09,22,10,30.12,52,PM2.5,3,46,6,52,18
2887,Boston,2017,male,recreational,14713.33737443713,74,52,65.87,0,43.09,22,10,30.12,52,PM2.5,3,46,6,52,18
2887,Boston,2017,male,slow,17819.941808105352,74,52,65.87,0,43.09,22,10,30.12,52,PM2.5,3,46,6,52,18
2350,Boston,2018,female,elite,12115.551063829776,52,35,43.18,0.15,42.32,31,10,30.37,46,PM2.5,2,43,6,46,21
2349,Boston,2018,female,competitive,13320.702000851423,52,35,43.18,0.15,42.32,31,10,30.37,46,PM2.5,2,43,6,46,21
2349,Boston,2018,female,average,14312.505321413357,52,35,43.18,0.15,42.32,31,10,30.37,46,PM2.5,2,43,6,46,21
2349,Boston,2018,female,recreational,15796.7232865049,52,35,43.18,0.15,42.32,31,10,30.37,46,PM2.5,2,43,6,46,21
2349,Boston,2018,female,slow,19266.32013622822,52,35,43.18,0.15,42.32,31,10,30.37,46,PM2.5,2,43,6,46,21
2850,Boston,2018,male,elite,10598.67859649123,52,35,43.18,0.15,42.32,31,10,30.37,46,PM2.5,2,43,6,46,21
2850,Boston,2018,male,competitive,11895.45999999999,52,35,43.18,0.15,42.32,31,10,30.37,46,PM2.5,2,43,6,46,21
2850,Boston,2018,male,average,13051.423157894724,52,35,43.18,0.15,42.32,31,10,30.37,46,PM2.5,2,43,6,46,21
2850,Boston,2018,male,recreational,14655.783859649133,52,35,43.18,0.15,42.32,31,10,30.37,46,PM2.5,2,43,6,46,21
2850,Boston,2018,male,slow,18373.815438596455,52,35,43.18,0.15,42.32,31,10,30.37,46,PM2.5,2,43,6,46,21
2397,Boston,2019,female,elite,11915.31748018357,69,46,55.82,0.61,49.26,26,10,29.56,47,Ozone,3,47,5,29,35
2396,Boston,2019,female,competitive,13191.843071786303,69,46,55.82,0.61,49.26,26,10,29.56,47,Ozone,3,47,5,29,35
2396,Boston,2019,female,average,14192.608514190328,69,46,55.82,0.61,49.26,26,10,29.56,47,Ozone,3,47,5,29,35
2396,Boston,2019,female,recreational,15623.85767946577,69,46,55.82,0.61,49.26,26,10,29.56,47,Ozone,3,47,5,29,35
2396,Boston,2019,female,slow,18669.15400667786,69,46,55.82,0.61,49.26,26,10,29.56,47,Ozone,3,47,5,29,35
2934,Boston,2019,male,elite,10304.772665303359,69,46,55.82,0.61,49.26,26,10,29.56,47,Ozone,3,47,5,29,35
2933,Boston,2019,male,competitive,11586.732696897387,69,46,55.82,0.61,49.26,26,10,29.56,47,Ozone,3,47,5,29,35
2933,Boston,2019,male,average,12773.810433003742,69,46,55.82,0.61,49.26,26,10,29.56,47,Ozone,3,47,5,29,35
2933,Boston,2019,male,recreational,14435.689396522312,69,46,55.82,0.61,49.26,26,10,29.56,47,Ozone,3,47,5,29,35
2933,Boston,2019,male,slow,17806.268666893986,69,46,55.82,0.61,49.26,26,10,29.56,47,Ozone,3,47,5,29,35
514,Chicago,1996,female,elite,12998.06614785993,59,37,47.95,0,30.27,12,20,29.35,57,NO2,52,34,33,NA,57
514,Chicago,1996,female,competitive,14685.62840466926,59,37,47.95,0,30.27,12,20,29.35,57,NO2,52,34,33,NA,57
514,Chicago,1996,female,average,15793.015564202336,59,37,47.95,0,30.27,12,20,29.35,57,NO2,52,34,33,NA,57
513,Chicago,1996,female,recreational,16952.92007797271,59,37,47.95,0,30.27,12,20,29.35,57,NO2,52,34,33,NA,57
513,Chicago,1996,female,slow,19324.384015594536,59,37,47.95,0,30.27,12,20,29.35,57,NO2,52,34,33,NA,57
1126,Chicago,1996,male,elite,11308.810834813487,59,37,47.95,0,30.27,12,20,29.35,57,NO2,52,34,33,NA,57
1125,Chicago,1996,male,competitive,13077.355555555556,59,37,47.95,0,30.27,12,20,29.35,57,NO2,52,34,33,NA,57
1125,Chicago,1996,male,average,14277.367111111109,59,37,47.95,0,30.27,12,20,29.35,57,NO2,52,34,33,NA,57
1125,Chicago,1996,male,recreational,15651.918222222226,59,37,47.95,0,30.27,12,20,29.35,57,NO2,52,34,33,NA,57
1125,Chicago,1996,male,slow,17936.910222222225,59,37,47.95,0,30.27,12,20,29.35,57,NO2,52,34,33,NA,57
960,Chicago,1997,female,elite,12933.132291666678,64,39,51.64,0,39.64,18,10,29.39,66,PM2.5,39,38,44,66,52
959,Chicago,1997,female,competitive,14637.705943691348,64,39,51.64,0,39.64,18,10,29.39,66,PM2.5,39,38,44,66,52
959,Chicago,1997,female,average,15890.982273201249,64,39,51.64,0,39.64,18,10,29.39,66,PM2.5,39,38,44,66,52
959,Chicago,1997,female,recreational,17219.006256517212,64,39,51.64,0,39.64,18,10,29.39,66,PM2.5,39,38,44,66,52
959,Chicago,1997,female,slow,20023.835245046943,64,39,51.64,0,39.64,18,10,29.39,66,PM2.5,39,38,44,66,52
1918,Chicago,1997,male,elite,11246.29301355578,64,39,51.64,0,39.64,18,10,29.39,66,PM2.5,39,38,44,66,52
1918,Chicago,1997,male,competitive,13003.862877997912,64,39,51.64,0,39.64,18,10,29.39,66,PM2.5,39,38,44,66,52
1918,Chicago,1997,male,average,14231.957247132425,64,39,51.64,0,39.64,18,10,29.39,66,PM2.5,39,38,44,66,52
1918,Chicago,1997,male,recreational,15640.852971845672,64,39,51.64,0,39.64,18,10,29.39,66,PM2.5,39,38,44,66,52
1918,Chicago,1997,male,slow,18172.816996871756,64,39,51.64,0,39.64,18,10,29.39,66,PM2.5,39,38,44,66,52
1251,Chicago,1998,female,elite,13047.75619504396,68,48,58.17,0,49.78,10,10,29.58,92,PM2.5,56,61,36,92,57
1251,Chicago,1998,female,competitive,14906.170263788978,68,48,58.17,0,49.78,10,10,29.58,92,PM2.5,56,61,36,92,57
1251,Chicago,1998,female,average,16167.669064748203,68,48,58.17,0,49.78,10,10,29.58,92,PM2.5,56,61,36,92,57
1251,Chicago,1998,female,recreational,17468.85931254996,68,48,58.17,0,49.78,10,10,29.58,92,PM2.5,56,61,36,92,57
1251,Chicago,1998,female,slow,20699.78816946442,68,48,58.17,0,49.78,10,10,29.58,92,PM2.5,56,61,36,92,57
2190,Chicago,1998,male,elite,11478.171232876708,68,48,58.17,0,49.78,10,10,29.58,92,PM2.5,56,61,36,92,57
2189,Chicago,1998,male,competitive,13385.703517587943,68,48,58.17,0,49.78,10,10,29.58,92,PM2.5,56,61,36,92,57
2189,Chicago,1998,male,average,14623.4102329831,68,48,58.17,0,49.78,10,10,29.58,92,PM2.5,56,61,36,92,57
2189,Chicago,1998,male,recreational,16081.739607126543,68,48,58.17,0,49.78,10,10,29.58,92,PM2.5,56,61,36,92,57
2189,Chicago,1998,male,slow,18597.957971676566,68,48,58.17,0,49.78,10,10,29.58,92,PM2.5,56,61,36,92,57
1868,Chicago,1999,female,elite,12903.012847965738,51,31,29.58,0,21.83,14,10,29.63,76,PM2.5,16,31,41,76,47
1868,Chicago,1999,female,competitive,14782.626338329765,51,31,29.58,0,21.83,14,10,29.63,76,PM2.5,16,31,41,76,47
1868,Chicago,1999,female,average,16126.031584582435,51,31,29.58,0,21.83,14,10,29.63,76,PM2.5,16,31,41,76,47
1867,Chicago,1999,female,recreational,17486.552758435984,51,31,29.58,0,21.83,14,10,29.63,76,PM2.5,16,31,41,76,47
1867,Chicago,1999,female,slow,20785.99946438142,51,31,29.58,0,21.83,14,10,29.63,76,PM2.5,16,31,41,76,47
3058,Chicago,1999,male,elite,11272.500981033374,51,31,29.58,0,21.83,14,10,29.63,76,PM2.5,16,31,41,76,47
3058,Chicago,1999,male,competitive,13184.749509483316,51,31,29.58,0,21.83,14,10,29.63,76,PM2.5,16,31,41,76,47
3057,Chicago,1999,male,average,14432.010467778866,51,31,29.58,0,21.83,14,10,29.63,76,PM2.5,16,31,41,76,47
3057,Chicago,1999,male,recreational,15894.762185148837,51,31,29.58,0,21.83,14,10,29.63,76,PM2.5,16,31,41,76,47
3057,Chicago,1999,male,slow,18594.9080798168,51,31,29.58,0,21.83,14,10,29.63,76,PM2.5,16,31,41,76,47
2218,Chicago,2000,female,elite,13305.808836789894,68,53,59.83,0,51.39,9,10,29.72,93,PM2.5,36,31,40,93,64
2218,Chicago,2000,female,competitive,15177.073940486922,68,53,59.83,0,51.39,9,10,29.72,93,PM2.5,36,31,40,93,64
2218,Chicago,2000,female,average,16482.88322813345,68,53,59.83,0,51.39,9,10,29.72,93,PM2.5,36,31,40,93,64
2217,Chicago,2000,female,recreational,17931.19981957601,68,53,59.83,0,51.39,9,10,29.72,93,PM2.5,36,31,40,93,64
2217,Chicago,2000,female,slow,21237.680649526377,68,53,59.83,0,51.39,9,10,29.72,93,PM2.5,36,31,40,93,64
3365,Chicago,2000,male,elite,11530.134621099542,68,53,59.83,0,51.39,9,10,29.72,93,PM2.5,36,31,40,93,64
3365,Chicago,2000,male,competitive,13455.633580980675,68,53,59.83,0,51.39,9,10,29.72,93,PM2.5,36,31,40,93,64
3365,Chicago,2000,male,average,14715.72540861813,68,53,59.83,0,51.39,9,10,29.72,93,PM2.5,36,31,40,93,64
3364,Chicago,2000,male,recreational,16184.026456599277,68,53,59.83,0,51.39,9,10,29.72,93,PM2.5,36,31,40,93,64
3364,Chicago,2000,male,slow,18986.87187871587,68,53,59.83,0,51.39,9,10,29.72,93,PM2.5,36,31,40,93,64
2274,Chicago,2001,female,elite,13252.62840809145,52,33,44.48,0,24.35,10,10,29.71,65,PM2.5,39,37,26,65,44
2274,Chicago,2001,female,competitive,15054.52858399296,52,33,44.48,0,24.35,10,10,29.71,65,PM2.5,39,37,26,65,44
2274,Chicago,2001,female,average,16335.627528584,52,33,44.48,0,24.35,10,10,29.71,65,PM2.5,39,37,26,65,44
2273,Chicago,2001,female,recreational,17709.18565772108,52,33,44.48,0,24.35,10,10,29.71,65,PM2.5,39,37,26,65,44
2273,Chicago,2001,female,slow,20417.052793664763,52,33,44.48,0,24.35,10,10,29.71,65,PM2.5,39,37,26,65,44
3461,Chicago,2001,male,elite,11510.21930078013,52,33,44.48,0,24.35,10,10,29.71,65,PM2.5,39,37,26,65,44
3461,Chicago,2001,male,competitive,13399.273042473265,52,33,44.48,0,24.35,10,10,29.71,65,PM2.5,39,37,26,65,44
3461,Chicago,2001,male,average,14656.567754984098,52,33,44.48,0,24.35,10,10,29.71,65,PM2.5,39,37,26,65,44
3461,Chicago,2001,male,recreational,16170.488009245877,52,33,44.48,0,24.35,10,10,29.71,65,PM2.5,39,37,26,65,44
3460,Chicago,2001,male,slow,18880.972832369946,52,33,44.48,0,24.35,10,10,29.71,65,PM2.5,39,37,26,65,44
2598,Chicago,2002,female,elite,13133.981139337937,50,40,45.04,0,25.87,16,10,29.77,84,PM2.5,27,31,53,84,46
2597,Chicago,2002,female,competitive,14984.988833269152,50,40,45.04,0,25.87,16,10,29.77,84,PM2.5,27,31,53,84,46
2597,Chicago,2002,female,average,16347.477859068165,50,40,45.04,0,25.87,16,10,29.77,84,PM2.5,27,31,53,84,46
2597,Chicago,2002,female,recreational,17765.416249518665,50,40,45.04,0,25.87,16,10,29.77,84,PM2.5,27,31,53,84,46
2597,Chicago,2002,female,slow,20607.38197920677,50,40,45.04,0,25.87,16,10,29.77,84,PM2.5,27,31,53,84,46
3628,Chicago,2002,male,elite,11429.237320837883,50,40,45.04,0,25.87,16,10,29.77,84,PM2.5,27,31,53,84,46
3628,Chicago,2002,male,competitive,13328.900496141116,50,40,45.04,0,25.87,16,10,29.77,84,PM2.5,27,31,53,84,46
3627,Chicago,2002,male,average,14622.430107526887,50,40,45.04,0,25.87,16,10,29.77,84,PM2.5,27,31,53,84,46
3627,Chicago,2002,male,recreational,16151.054039150802,50,40,45.04,0,25.87,16,10,29.77,84,PM2.5,27,31,53,84,46
3627,Chicago,2002,male,slow,18920.997794320392,50,40,45.04,0,25.87,16,10,29.77,84,PM2.5,27,31,53,84,46
2735,Chicago,2003,female,elite,13327.654844606926,69,49,58.58,0,41.38,16,10,29.39,61,PM2.5,18,35,32,61,45
2735,Chicago,2003,female,competitive,15336.769287020106,69,49,58.58,0,41.38,16,10,29.39,61,PM2.5,18,35,32,61,45
2734,Chicago,2003,female,average,16688.00987564008,69,49,58.58,0,41.38,16,10,29.39,61,PM2.5,18,35,32,61,45
2734,Chicago,2003,female,recreational,18138.231894659843,69,49,58.58,0,41.38,16,10,29.39,61,PM2.5,18,35,32,61,45
2734,Chicago,2003,female,slow,21066.274323335747,69,49,58.58,0,41.38,16,10,29.39,61,PM2.5,18,35,32,61,45
3738,Chicago,2003,male,elite,11539.059925093632,69,49,58.58,0,41.38,16,10,29.39,61,PM2.5,18,35,32,61,45
3738,Chicago,2003,male,competitive,13563.300428036382,69,49,58.58,0,41.38,16,10,29.39,61,PM2.5,18,35,32,61,45
3738,Chicago,2003,male,average,14955.015248796124,69,49,58.58,0,41.38,16,10,29.39,61,PM2.5,18,35,32,61,45
3738,Chicago,2003,male,recreational,16566.65195291598,69,49,58.58,0,41.38,16,10,29.39,61,PM2.5,18,35,32,61,45
3738,Chicago,2003,male,slow,19356.531300160477,69,49,58.58,0,41.38,16,10,29.39,61,PM2.5,18,35,32,61,45
2796,Chicago,2004,female,elite,13397.121959942784,61,47,54.7,0,42.65,16,10,29.63,52,PM2.5,42,35,16,52,43
2796,Chicago,2004,female,competitive,15350.889127324755,61,47,54.7,0,42.65,16,10,29.63,52,PM2.5,42,35,16,52,43
2796,Chicago,2004,female,average,16712.1852646638,61,47,54.7,0,42.65,16,10,29.63,52,PM2.5,42,35,16,52,43
2795,Chicago,2004,female,recreational,18185.300894454387,61,47,54.7,0,42.65,16,10,29.63,52,PM2.5,42,35,16,52,43
2795,Chicago,2004,female,slow,21183.098389982148,61,47,54.7,0,42.65,16,10,29.63,52,PM2.5,42,35,16,52,43
3822,Chicago,2004,male,elite,11736.429094714807,61,47,54.7,0,42.65,16,10,29.63,52,PM2.5,42,35,16,52,43
3821,Chicago,2004,male,competitive,13659.428160167487,61,47,54.7,0,42.65,16,10,29.63,52,PM2.5,42,35,16,52,43
3821,Chicago,2004,male,average,15036.911803192887,61,47,54.7,0,42.65,16,10,29.63,52,PM2.5,42,35,16,52,43
3821,Chicago,2004,male,recreational,16621.79769693798,61,47,54.7,0,42.65,16,10,29.63,52,PM2.5,42,35,16,52,43
3821,Chicago,2004,male,slow,19536.540172729663,61,47,54.7,0,42.65,16,10,29.63,52,PM2.5,42,35,16,52,43
2854,Chicago,2005,female,elite,13319.94323756134,59,50,53.5,0,42.46,18,10,29.45,49,PM2.5,8,35,16,49,38
2853,Chicago,2005,female,competitive,15258.576586049776,59,50,53.5,0,42.46,18,10,29.45,49,PM2.5,8,35,16,49,38
2853,Chicago,2005,female,average,16604.342446547504,59,50,53.5,0,42.46,18,10,29.45,49,PM2.5,8,35,16,49,38
2853,Chicago,2005,female,recreational,18079.441640378547,59,50,53.5,0,42.46,18,10,29.45,49,PM2.5,8,35,16,49,38
2853,Chicago,2005,female,slow,21111.153873116025,59,50,53.5,0,42.46,18,10,29.45,49,PM2.5,8,35,16,49,38
3721,Chicago,2005,male,elite,11710.18892770761,59,50,53.5,0,42.46,18,10,29.45,49,PM2.5,8,35,16,49,38
3721,Chicago,2005,male,competitive,13620.477291050793,59,50,53.5,0,42.46,18,10,29.45,49,PM2.5,8,35,16,49,38
3720,Chicago,2005,male,average,14995.518817204307,59,50,53.5,0,42.46,18,10,29.45,49,PM2.5,8,35,16,49,38
3720,Chicago,2005,male,recreational,16600.683870967758,59,50,53.5,0,42.46,18,10,29.45,49,PM2.5,8,35,16,49,38
3720,Chicago,2005,male,slow,19555.104032258085,59,50,53.5,0,42.46,18,10,29.45,49,PM2.5,8,35,16,49,38
2945,Chicago,2006,female,elite,13147.80339558574,50,37,42,0,32.27,18,10,29.41,63,PM2.5,8,26,23,63,32
2945,Chicago,2006,female,competitive,15157.010526315802,50,37,42,0,32.27,18,10,29.41,63,PM2.5,8,26,23,63,32
2945,Chicago,2006,female,average,16606.11612903225,50,37,42,0,32.27,18,10,29.41,63,PM2.5,8,26,23,63,32
2945,Chicago,2006,female,recreational,18150.831578947367,50,37,42,0,32.27,18,10,29.41,63,PM2.5,8,26,23,63,32
2945,Chicago,2006,female,slow,21302.757894736787,50,37,42,0,32.27,18,10,29.41,63,PM2.5,8,26,23,63,32
3783,Chicago,2006,male,elite,11444.528680941028,50,37,42,0,32.27,18,10,29.41,63,PM2.5,8,26,23,63,32
3782,Chicago,2006,male,competitive,13450.57218402961,50,37,42,0,32.27,18,10,29.41,63,PM2.5,8,26,23,63,32
3782,Chicago,2006,male,average,14823.83844526705,50,37,42,0,32.27,18,10,29.41,63,PM2.5,8,26,23,63,32
3782,Chicago,2006,male,recreational,16518.309888947653,50,37,42,0,32.27,18,10,29.41,63,PM2.5,8,26,23,63,32
3782,Chicago,2006,male,slow,19523.487572712867,50,37,42,0,32.27,18,10,29.41,63,PM2.5,8,26,23,63,32
2037,Chicago,2007,female,elite,14345.350515463882,88,71,79.35,0,65.22,10,10,29.41,77,Ozone,14,77,36,73,54
2037,Chicago,2007,female,competitive,16643.36180657831,88,71,79.35,0,65.22,10,10,29.41,77,Ozone,14,77,36,73,54
2037,Chicago,2007,female,average,18219.779086892486,88,71,79.35,0,65.22,10,10,29.41,77,Ozone,14,77,36,73,54
2037,Chicago,2007,female,recreational,19716.8645066274,88,71,79.35,0,65.22,10,10,29.41,77,Ozone,14,77,36,73,54
2036,Chicago,2007,female,slow,21565.250982318277,88,71,79.35,0,65.22,10,10,29.41,77,Ozone,14,77,36,73,54
3068,Chicago,2007,male,elite,13084.12190352019,88,71,79.35,0,65.22,10,10,29.41,77,Ozone,14,77,36,73,54
3068,Chicago,2007,male,competitive,15635.827900912656,88,71,79.35,0,65.22,10,10,29.41,77,Ozone,14,77,36,73,54
3067,Chicago,2007,male,average,17365.429735898273,88,71,79.35,0,65.22,10,10,29.41,77,Ozone,14,77,36,73,54
3067,Chicago,2007,male,recreational,19079.55591783502,88,71,79.35,0,65.22,10,10,29.41,77,Ozone,14,77,36,73,54
3067,Chicago,2007,male,slow,21220.83273557221,88,71,79.35,0,65.22,10,10,29.41,77,Ozone,14,77,36,73,54
2734,Chicago,2008,female,elite,13977.565106071695,85,63,72.61,0,55.43,13,10,29.65,75,PM2.5,19,71,31,75,54
2733,Chicago,2008,female,competitive,16254.185510428102,85,63,72.61,0,55.43,13,10,29.65,75,PM2.5,19,71,31,75,54
2733,Chicago,2008,female,average,17820.05927552139,85,63,72.61,0,55.43,13,10,29.65,75,PM2.5,19,71,31,75,54
2733,Chicago,2008,female,recreational,19554.1946578851,85,63,72.61,0,55.43,13,10,29.65,75,PM2.5,19,71,31,75,54
2733,Chicago,2008,female,slow,22550.687522868655,85,63,72.61,0,55.43,13,10,29.65,75,PM2.5,19,71,31,75,54
3536,Chicago,2008,male,elite,12351.413461538448,85,63,72.61,0,55.43,13,10,29.65,75,PM2.5,19,71,31,75,54
3536,Chicago,2008,male,competitive,14676.157805429848,85,63,72.61,0,55.43,13,10,29.65,75,PM2.5,19,71,31,75,54
3536,Chicago,2008,male,average,16348.596153846169,85,63,72.61,0,55.43,13,10,29.65,75,PM2.5,19,71,31,75,54
3536,Chicago,2008,male,recreational,18111.293834841636,85,63,72.61,0,55.43,13,10,29.65,75,PM2.5,19,71,31,75,54
3535,Chicago,2008,male,slow,21229.813861386207,85,63,72.61,0,55.43,13,10,29.65,75,PM2.5,19,71,31,75,54
2925,Chicago,2009,female,elite,13261.05025641025,44,28,38.3,0,22.45,9,10,29.76,52,PM2.5,7,28,18,52,29
2924,Chicago,2009,female,competitive,15232.853283173732,44,28,38.3,0,22.45,9,10,29.76,52,PM2.5,7,28,18,52,29
2924,Chicago,2009,female,average,16721.691860465126,44,28,38.3,0,22.45,9,10,29.76,52,PM2.5,7,28,18,52,29
2924,Chicago,2009,female,recreational,18348.36285909712,44,28,38.3,0,22.45,9,10,29.76,52,PM2.5,7,28,18,52,29
2924,Chicago,2009,female,slow,21444.504787961676,44,28,38.3,0,22.45,9,10,29.76,52,PM2.5,7,28,18,52,29
3790,Chicago,2009,male,elite,11582.67387862796,44,28,38.3,0,22.45,9,10,29.76,52,PM2.5,7,28,18,52,29
3790,Chicago,2009,male,competitive,13554.35461741425,44,28,38.3,0,22.45,9,10,29.76,52,PM2.5,7,28,18,52,29
3790,Chicago,2009,male,average,14990.518733509234,44,28,38.3,0,22.45,9,10,29.76,52,PM2.5,7,28,18,52,29
3789,Chicago,2009,male,recreational,16747.036421219305,44,28,38.3,0,22.45,9,10,29.76,52,PM2.5,7,28,18,52,29
3789,Chicago,2009,male,slow,20034.086038532565,44,28,38.3,0,22.45,9,10,29.76,52,PM2.5,7,28,18,52,29
3228,Chicago,2010,female,elite,13748.118029739766,83,59,71.57,0,49.96,12,10,29.29,87,PM2.5,16,87,41,87,66
3228,Chicago,2010,female,competitive,16118.092627013622,83,59,71.57,0,49.96,12,10,29.29,87,PM2.5,16,87,41,87,66
3228,Chicago,2010,female,average,17721.833023543993,83,59,71.57,0,49.96,12,10,29.29,87,PM2.5,16,87,41,87,66
3228,Chicago,2010,female,recreational,19573.267038413866,83,59,71.57,0,49.96,12,10,29.29,87,PM2.5,16,87,41,87,66
3228,Chicago,2010,female,slow,22515.641883519176,83,59,71.57,0,49.96,12,10,29.29,87,PM2.5,16,87,41,87,66
3990,Chicago,2010,male,elite,12013.381954887245,83,59,71.57,0,49.96,12,10,29.29,87,PM2.5,16,87,41,87,66
3989,Chicago,2010,male,competitive,14360.379293055907,83,59,71.57,0,49.96,12,10,29.29,87,PM2.5,16,87,41,87,66
3989,Chicago,2010,male,average,16056.731010278263,83,59,71.57,0,49.96,12,10,29.29,87,PM2.5,16,87,41,87,66
3989,Chicago,2010,male,recreational,17934.557783905733,83,59,71.57,0,49.96,12,10,29.29,87,PM2.5,16,87,41,87,66
3989,Chicago,2010,male,slow,21184.60065179249,83,59,71.57,0,49.96,12,10,29.29,87,PM2.5,16,87,41,87,66
3094,Chicago,2011,female,elite,13708.059146735633,79,57,68.04,0,50,12,10,29.67,85,PM2.5,16,77,33,85,56
3094,Chicago,2011,female,competitive,15999.796380090484,79,57,68.04,0,50,12,10,29.67,85,PM2.5,16,77,33,85,56
3094,Chicago,2011,female,average,17515.75662572721,79,57,68.04,0,50,12,10,29.67,85,PM2.5,16,77,33,85,56
3094,Chicago,2011,female,recreational,19307.389786683885,79,57,68.04,0,50,12,10,29.67,85,PM2.5,16,77,33,85,56
3094,Chicago,2011,female,slow,22241.568519715587,79,57,68.04,0,50,12,10,29.67,85,PM2.5,16,77,33,85,56
4057,Chicago,2011,male,elite,11993.269903869861,79,57,68.04,0,50,12,10,29.67,85,PM2.5,16,77,33,85,56
4057,Chicago,2011,male,competitive,14229.888834113894,79,57,68.04,0,50,12,10,29.67,85,PM2.5,16,77,33,85,56
4056,Chicago,2011,male,average,15933.006410256407,79,57,68.04,0,50,12,10,29.67,85,PM2.5,16,77,33,85,56
4056,Chicago,2011,male,recreational,17754.351824457564,79,57,68.04,0,50,12,10,29.67,85,PM2.5,16,77,33,85,56
4056,Chicago,2011,male,slow,20983.57914201183,79,57,68.04,0,50,12,10,29.67,85,PM2.5,16,77,33,85,56
3359,Chicago,2012,female,elite,13347.777910092302,50,39,44.91,0,23.74,14,10,29.52,51,PM2.5,7,32,16,51,39
3358,Chicago,2012,female,competitive,15433.380583680746,50,39,44.91,0,23.74,14,10,29.52,51,PM2.5,7,32,16,51,39
3358,Chicago,2012,female,average,16965.042287075637,50,39,44.91,0,23.74,14,10,29.52,51,PM2.5,7,32,16,51,39
3358,Chicago,2012,female,recreational,18654.5035735557,50,39,44.91,0,23.74,14,10,29.52,51,PM2.5,7,32,16,51,39
3358,Chicago,2012,female,slow,21957.70399047047,50,39,44.91,0,23.74,14,10,29.52,51,PM2.5,7,32,16,51,39
4136,Chicago,2012,male,elite,11665.00507736944,50,39,44.91,0,23.74,14,10,29.52,51,PM2.5,7,32,16,51,39
4136,Chicago,2012,male,competitive,13659.757011605407,50,39,44.91,0,23.74,14,10,29.52,51,PM2.5,7,32,16,51,39
4136,Chicago,2012,male,average,15173.473887814303,50,39,44.91,0,23.74,14,10,29.52,51,PM2.5,7,32,16,51,39
4136,Chicago,2012,male,recreational,16990.390957446813,50,39,44.91,0,23.74,14,10,29.52,51,PM2.5,7,32,16,51,39
4135,Chicago,2012,male,slow,20405.165417170534,50,39,44.91,0,23.74,14,10,29.52,51,PM2.5,7,32,16,51,39
3479,Chicago,2013,female,elite,13345.664271342343,64,47,55.7,0,39.13,9,10,29.73,60,PM2.5,7,32,28,60,33
3479,Chicago,2013,female,competitive,15378.142857142866,64,47,55.7,0,39.13,9,10,29.73,60,PM2.5,7,32,28,60,33
3478,Chicago,2013,female,average,16929.93674525587,64,47,55.7,0,39.13,9,10,29.73,60,PM2.5,7,32,28,60,33
3478,Chicago,2013,female,recreational,18678.240368027615,64,47,55.7,0,39.13,9,10,29.73,60,PM2.5,7,32,28,60,33
3478,Chicago,2013,female,slow,21654.94537090284,64,47,55.7,0,39.13,9,10,29.73,60,PM2.5,7,32,28,60,33
4297,Chicago,2013,male,elite,11702.646962997416,64,47,55.7,0,39.13,9,10,29.73,60,PM2.5,7,32,28,60,33
4296,Chicago,2013,male,competitive,13743.09869646182,64,47,55.7,0,39.13,9,10,29.73,60,PM2.5,7,32,28,60,33
4296,Chicago,2013,male,average,15247.323324022345,64,47,55.7,0,39.13,9,10,29.73,60,PM2.5,7,32,28,60,33
4296,Chicago,2013,male,recreational,17095.754888268144,64,47,55.7,0,39.13,9,10,29.73,60,PM2.5,7,32,28,60,33
4296,Chicago,2013,male,slow,20492.00907821231,64,47,55.7,0,39.13,9,10,29.73,60,PM2.5,7,32,28,60,33
3681,Chicago,2014,female,elite,13217.56316218418,64,45,55.48,0,43.76,18,10,29.48,53,PM2.5,9,40,14,53,38
3681,Chicago,2014,female,competitive,15357.737299646837,64,45,55.48,0,43.76,18,10,29.48,53,PM2.5,9,40,14,53,38
3681,Chicago,2014,female,average,16976.38494974193,64,45,55.48,0,43.76,18,10,29.48,53,PM2.5,9,40,14,53,38
3681,Chicago,2014,female,recreational,18800.580005433316,64,45,55.48,0,43.76,18,10,29.48,53,PM2.5,9,40,14,53,38
3681,Chicago,2014,female,slow,22102.767997826737,64,45,55.48,0,43.76,18,10,29.48,53,PM2.5,9,40,14,53,38
4440,Chicago,2014,male,elite,11591.368243243214,64,45,55.48,0,43.76,18,10,29.48,53,PM2.5,9,40,14,53,38
4440,Chicago,2014,male,competitive,13666.989864864876,64,45,55.48,0,43.76,18,10,29.48,53,PM2.5,9,40,14,53,38
4440,Chicago,2014,male,average,15209.078378378379,64,45,55.48,0,43.76,18,10,29.48,53,PM2.5,9,40,14,53,38
4440,Chicago,2014,male,recreational,17091.961936936932,64,45,55.48,0,43.76,18,10,29.48,53,PM2.5,9,40,14,53,38
4440,Chicago,2014,male,slow,20621.392117117164,64,45,55.48,0,43.76,18,10,29.48,53,PM2.5,9,40,14,53,38
3451,Chicago,2015,female,elite,13223.6354679803,79,53,65.67,0,45.96,18,10,29.27,51,PM2.5,8,47,30,51,20
3451,Chicago,2015,female,competitive,15409.438133874257,79,53,65.67,0,45.96,18,10,29.27,51,PM2.5,8,47,30,51,20
3451,Chicago,2015,female,average,17071.51666183715,79,53,65.67,0,45.96,18,10,29.27,51,PM2.5,8,47,30,51,20
3451,Chicago,2015,female,recreational,18894.96754563895,79,53,65.67,0,45.96,18,10,29.27,51,PM2.5,8,47,30,51,20
3451,Chicago,2015,female,slow,21808.26977687623,79,53,65.67,0,45.96,18,10,29.27,51,PM2.5,8,47,30,51,20
4038,Chicago,2015,male,elite,11615.517830609204,79,53,65.67,0,45.96,18,10,29.27,51,PM2.5,8,47,30,51,20
4038,Chicago,2015,male,competitive,13755.11193660228,79,53,65.67,0,45.96,18,10,29.27,51,PM2.5,8,47,30,51,20
4037,Chicago,2015,male,average,15450.459499628458,79,53,65.67,0,45.96,18,10,29.27,51,PM2.5,8,47,30,51,20
4037,Chicago,2015,male,recreational,17407.852861035422,79,53,65.67,0,45.96,18,10,29.27,51,PM2.5,8,47,30,51,20
4037,Chicago,2015,male,slow,20630.65073074059,79,53,65.67,0,45.96,18,10,29.27,51,PM2.5,8,47,30,51,20
3705,Chicago,2016,female,elite,13219.06936572201,63,50,57.17,0,44.67,14,10,29.69,67,PM2.5,5,37,24,67,27
3705,Chicago,2016,female,competitive,15373.575438596486,63,50,57.17,0,44.67,14,10,29.69,67,PM2.5,5,37,24,67,27
3705,Chicago,2016,female,average,17056.39946018894,63,50,57.17,0,44.67,14,10,29.69,67,PM2.5,5,37,24,67,27
3705,Chicago,2016,female,recreational,18969.669905533054,63,50,57.17,0,44.67,14,10,29.69,67,PM2.5,5,37,24,67,27
3704,Chicago,2016,female,slow,22398.89389848817,63,50,57.17,0,44.67,14,10,29.69,67,PM2.5,5,37,24,67,27
4407,Chicago,2016,male,elite,11626.175629680061,63,50,57.17,0,44.67,14,10,29.69,67,PM2.5,5,37,24,67,27
4407,Chicago,2016,male,competitive,13672.067165872484,63,50,57.17,0,44.67,14,10,29.69,67,PM2.5,5,37,24,67,27
4406,Chicago,2016,male,average,15246.454153427137,63,50,57.17,0,44.67,14,10,29.69,67,PM2.5,5,37,24,67,27
4406,Chicago,2016,male,recreational,17202.810485701324,63,50,57.17,0,44.67,14,10,29.69,67,PM2.5,5,37,24,67,27
4406,Chicago,2016,male,slow,20835.63277349075,63,50,57.17,0,44.67,14,10,29.69,67,PM2.5,5,37,24,67,27
4305,Chicago,2017,female,elite,13564.0931475029,80,56,66.83,0.44,51.71,21,10,29.18,46,PM2.5,3,44,14,46,36
4305,Chicago,2017,female,competitive,16000.701974448324,80,56,66.83,0.44,51.71,21,10,29.18,46,PM2.5,3,44,14,46,36
4305,Chicago,2017,female,average,17849.466434378617,80,56,66.83,0.44,51.71,21,10,29.18,46,PM2.5,3,44,14,46,36
4305,Chicago,2017,female,recreational,19976.124041811865,80,56,66.83,0.44,51.71,21,10,29.18,46,PM2.5,3,44,14,46,36
4305,Chicago,2017,female,slow,23450.220209059175,80,56,66.83,0.44,51.71,21,10,29.18,46,PM2.5,3,44,14,46,36
4565,Chicago,2017,male,elite,11779.411829134748,80,56,66.83,0.44,51.71,21,10,29.18,46,PM2.5,3,44,14,46,36
4565,Chicago,2017,male,competitive,14087.666812705389,80,56,66.83,0.44,51.71,21,10,29.18,46,PM2.5,3,44,14,46,36
4565,Chicago,2017,male,average,16008.339320920062,80,56,66.83,0.44,51.71,21,10,29.18,46,PM2.5,3,44,14,46,36
4564,Chicago,2017,male,recreational,18159.956617002645,80,56,66.83,0.44,51.71,21,10,29.18,46,PM2.5,3,44,14,46,36
4564,Chicago,2017,male,slow,21779.972611744033,80,56,66.83,0.44,51.71,21,10,29.18,46,PM2.5,3,44,14,46,36
4128,Chicago,2018,female,elite,13134.489583333328,63,57,60.46,0.19,56.97,13,10,29.54,48,PM2.5,3,21,10,48,8
4128,Chicago,2018,female,competitive,15299.829457364336,63,57,60.46,0.19,56.97,13,10,29.54,48,PM2.5,3,21,10,48,8
4128,Chicago,2018,female,average,17011.83648255812,63,57,60.46,0.19,56.97,13,10,29.54,48,PM2.5,3,21,10,48,8
4128,Chicago,2018,female,recreational,18984.67417635659,63,57,60.46,0.19,56.97,13,10,29.54,48,PM2.5,3,21,10,48,8
4127,Chicago,2018,female,slow,22641.410467652026,63,57,60.46,0.19,56.97,13,10,29.54,48,PM2.5,3,21,10,48,8
4783,Chicago,2018,male,elite,11414.276604641416,63,57,60.46,0.19,56.97,13,10,29.54,48,PM2.5,3,21,10,48,8
4783,Chicago,2018,male,competitive,13479.782981392425,63,57,60.46,0.19,56.97,13,10,29.54,48,PM2.5,3,21,10,48,8
4782,Chicago,2018,male,average,15118.9851526558,63,57,60.46,0.19,56.97,13,10,29.54,48,PM2.5,3,21,10,48,8
4782,Chicago,2018,male,recreational,17132.65495608529,63,57,60.46,0.19,56.97,13,10,29.54,48,PM2.5,3,21,10,48,8
4782,Chicago,2018,male,slow,20833.515265579223,63,57,60.46,0.19,56.97,13,10,29.54,48,PM2.5,3,21,10,48,8
4259,Chicago,2019,female,elite,12844.483681615375,55,39,47.25,0,32.38,23,10,29.28,44,PM2.5,3,36,24,44,27
4259,Chicago,2019,female,competitive,15006.42498239022,55,39,47.25,0,32.38,23,10,29.28,44,PM2.5,3,36,24,44,27
4259,Chicago,2019,female,average,16785.389762855128,55,39,47.25,0,32.38,23,10,29.28,44,PM2.5,3,36,24,44,27
4259,Chicago,2019,female,recreational,18870.33082883304,55,39,47.25,0,32.38,23,10,29.28,44,PM2.5,3,36,24,44,27
4258,Chicago,2019,female,slow,22560.8612024424,55,39,47.25,0,32.38,23,10,29.28,44,PM2.5,3,36,24,44,27
4915,Chicago,2019,male,elite,11083.70071210582,55,39,47.25,0,32.38,23,10,29.28,44,PM2.5,3,36,24,44,27
4915,Chicago,2019,male,competitive,13146.768260427252,55,39,47.25,0,32.38,23,10,29.28,44,PM2.5,3,36,24,44,27
4914,Chicago,2019,male,average,14743.314814814803,55,39,47.25,0,32.38,23,10,29.28,44,PM2.5,3,36,24,44,27
4914,Chicago,2019,male,recreational,16813.48656898656,55,39,47.25,0,32.38,23,10,29.28,44,PM2.5,3,36,24,44,27
4914,Chicago,2019,male,slow,20686.610704110542,55,39,47.25,0,32.38,23,10,29.28,44,PM2.5,3,36,24,44,27
1486,NYC,1996,female,elite,13512.176985195154,49,37,42.43,0,22.17,18,10,30.26,36,NO2,34,27,19,NA,36
1486,NYC,1996,female,competitive,15432.945491251683,49,37,42.43,0,22.17,18,10,30.26,36,NO2,34,27,19,NA,36
1486,NYC,1996,female,average,16724.043741588157,49,37,42.43,0,22.17,18,10,30.26,36,NO2,34,27,19,NA,36
1485,NYC,1996,female,recreational,18151.69090909091,49,37,42.43,0,22.17,18,10,30.26,36,NO2,34,27,19,NA,36
1485,NYC,1996,female,slow,21917.678114478113,49,37,42.43,0,22.17,18,10,30.26,36,NO2,34,27,19,NA,36
4151,NYC,1996,male,elite,11817.19079739822,49,37,42.43,0,22.17,18,10,30.26,36,NO2,34,27,19,NA,36
4151,NYC,1996,male,competitive,13735.01108166707,49,37,42.43,0,22.17,18,10,30.26,36,NO2,34,27,19,NA,36
4151,NYC,1996,male,average,14982.243314863894,49,37,42.43,0,22.17,18,10,30.26,36,NO2,34,27,19,NA,36
4151,NYC,1996,male,recreational,16515.925801011806,49,37,42.43,0,22.17,18,10,30.26,36,NO2,34,27,19,NA,36
4150,NYC,1996,male,slow,19592.84,49,37,42.43,0,22.17,18,10,30.26,36,NO2,34,27,19,NA,36
1683,NYC,1997,female,elite,13733.851455733811,63,51,58.84,0,56.11,20,10,29.7,40,NO2,33,31,18,NA,40
1682,NYC,1997,female,competitive,15668.769322235436,63,51,58.84,0,56.11,20,10,29.7,40,NO2,33,31,18,NA,40
1682,NYC,1997,female,average,16985.092746730086,63,51,58.84,0,56.11,20,10,29.7,40,NO2,33,31,18,NA,40
1682,NYC,1997,female,recreational,18404.104042806182,63,51,58.84,0,56.11,20,10,29.7,40,NO2,33,31,18,NA,40
1682,NYC,1997,female,slow,22103.022592152196,63,51,58.84,0,56.11,20,10,29.7,40,NO2,33,31,18,NA,40
4404,NYC,1997,male,elite,11902.908946412359,63,51,58.84,0,56.11,20,10,29.7,40,NO2,33,31,18,NA,40
4404,NYC,1997,male,competitive,13830.085831062674,63,51,58.84,0,56.11,20,10,29.7,40,NO2,33,31,18,NA,40
4404,NYC,1997,male,average,15150.020435967303,63,51,58.84,0,56.11,20,10,29.7,40,NO2,33,31,18,NA,40
4403,NYC,1997,male,recreational,16687.87826481944,63,51,58.84,0,56.11,20,10,29.7,40,NO2,33,31,18,NA,40
4403,NYC,1997,male,slow,19896.241880536,63,51,58.84,0,56.11,20,10,29.7,40,NO2,33,31,18,NA,40
1792,NYC,1998,female,elite,13515.346540178572,57,47,51.64,0,37.23,20,10,29.98,33,NO2,28,31,22,NA,33
1792,NYC,1998,female,competitive,15542.078125,57,47,51.64,0,37.23,20,10,29.98,33,NO2,28,31,22,NA,33
1792,NYC,1998,female,average,16906.88504464286,57,47,51.64,0,37.23,20,10,29.98,33,NO2,28,31,22,NA,33
1791,NYC,1998,female,recreational,18344.60078168621,57,47,51.64,0,37.23,20,10,29.98,33,NO2,28,31,22,NA,33
1791,NYC,1998,female,slow,22081.56560580681,57,47,51.64,0,37.23,20,10,29.98,33,NO2,28,31,22,NA,33
4517,NYC,1998,male,elite,11757.097852557004,57,47,51.64,0,37.23,20,10,29.98,33,NO2,28,31,22,NA,33
4517,NYC,1998,male,competitive,13742.891520920964,57,47,51.64,0,37.23,20,10,29.98,33,NO2,28,31,22,NA,33
4516,NYC,1998,male,average,15044.05248007086,57,47,51.64,0,37.23,20,10,29.98,33,NO2,28,31,22,NA,33
4516,NYC,1998,male,recreational,16590.641275465012,57,47,51.64,0,37.23,20,10,29.98,33,NO2,28,31,22,NA,33
4516,NYC,1998,male,slow,19851.126217891946,57,47,51.64,0,37.23,20,10,29.98,33,NO2,28,31,22,NA,33
1834,NYC,1999,female,elite,13659.850054525628,51,40,46.3,0,25.22,21,10,30.2,38,NO2,26,36,NA,29,38
1834,NYC,1999,female,competitive,15645.949291166848,51,40,46.3,0,25.22,21,10,30.2,38,NO2,26,36,NA,29,38
1834,NYC,1999,female,average,17029.7066521265,51,40,46.3,0,25.22,21,10,30.2,38,NO2,26,36,NA,29,38
1834,NYC,1999,female,recreational,18470.547437295532,51,40,46.3,0,25.22,21,10,30.2,38,NO2,26,36,NA,29,38
1833,NYC,1999,female,slow,22341.64102564103,51,40,46.3,0,25.22,21,10,30.2,38,NO2,26,36,NA,29,38
4524,NYC,1999,male,elite,11943.691202475682,51,40,46.3,0,25.22,21,10,30.2,38,NO2,26,36,NA,29,38
4524,NYC,1999,male,competitive,13877.51127320955,51,40,46.3,0,25.22,21,10,30.2,38,NO2,26,36,NA,29,38
4523,NYC,1999,male,average,15219.49613088658,51,40,46.3,0,25.22,21,10,30.2,38,NO2,26,36,NA,29,38
4523,NYC,1999,male,recreational,16762.475569312403,51,40,46.3,0,25.22,21,10,30.2,38,NO2,26,36,NA,29,38
4523,NYC,1999,male,slow,20014.593853636954,51,40,46.3,0,25.22,21,10,30.2,38,NO2,26,36,NA,29,38
1669,NYC,2000,female,elite,13554.397243858595,51,45,48.09,0,31.13,16,10,29.76,55,PM2.5,22,31,10,55,27
1668,NYC,2000,female,competitive,15594.765587529975,51,45,48.09,0,31.13,16,10,29.76,55,PM2.5,22,31,10,55,27
1668,NYC,2000,female,average,16997.835131894484,51,45,48.09,0,31.13,16,10,29.76,55,PM2.5,22,31,10,55,27
1668,NYC,2000,female,recreational,18505.647482014385,51,45,48.09,0,31.13,16,10,29.76,55,PM2.5,22,31,10,55,27
1668,NYC,2000,female,slow,22340.982014388494,51,45,48.09,0,31.13,16,10,29.76,55,PM2.5,22,31,10,55,27
4205,NYC,2000,male,elite,11924.14696789536,51,45,48.09,0,31.13,16,10,29.76,55,PM2.5,22,31,10,55,27
4205,NYC,2000,male,competitive,13846.07419738407,51,45,48.09,0,31.13,16,10,29.76,55,PM2.5,22,31,10,55,27
4205,NYC,2000,male,average,15135.691795481567,51,45,48.09,0,31.13,16,10,29.76,55,PM2.5,22,31,10,55,27
4205,NYC,2000,male,recreational,16699.843043995246,51,45,48.09,0,31.13,16,10,29.76,55,PM2.5,22,31,10,55,27
4204,NYC,2000,male,slow,20072.640104662216,51,45,48.09,0,31.13,16,10,29.76,55,PM2.5,22,31,10,55,27
1373,NYC,2001,female,elite,13321.317552804077,61,48,54.43,0,39.87,12,10,30.01,52,PM2.5,19,39,17,52,51
1372,NYC,2001,female,competitive,15504.052478134112,61,48,54.43,0,39.87,12,10,30.01,52,PM2.5,19,39,17,52,51
1372,NYC,2001,female,average,16857.305393586004,61,48,54.43,0,39.87,12,10,30.01,52,PM2.5,19,39,17,52,51
1372,NYC,2001,female,recreational,18313.706268221573,61,48,54.43,0,39.87,12,10,30.01,52,PM2.5,19,39,17,52,51
1372,NYC,2001,female,slow,21833.192419825074,61,48,54.43,0,39.87,12,10,30.01,52,PM2.5,19,39,17,52,51
3361,NYC,2001,male,elite,11950.367152633145,61,48,54.43,0,39.87,12,10,30.01,52,PM2.5,19,39,17,52,51
3361,NYC,2001,male,competitive,14031.763760785478,61,48,54.43,0,39.87,12,10,30.01,52,PM2.5,19,39,17,52,51
3361,NYC,2001,male,average,15459.319547753645,61,48,54.43,0,39.87,12,10,30.01,52,PM2.5,19,39,17,52,51
3360,NYC,2001,male,recreational,16986.160416666673,61,48,54.43,0,39.87,12,10,30.01,52,PM2.5,19,39,17,52,51
3360,NYC,2001,male,slow,20132.756547619054,61,48,54.43,0,39.87,12,10,30.01,52,PM2.5,19,39,17,52,51
2044,NYC,2002,female,elite,13618.658512720158,46,37,41.3,0,21.13,13,10,29.98,52,PM2.5,17,31,12,52,44
2044,NYC,2002,female,competitive,15672.623287671235,46,37,41.3,0,21.13,13,10,29.98,52,PM2.5,17,31,12,52,44
2044,NYC,2002,female,average,17012.359589041094,46,37,41.3,0,21.13,13,10,29.98,52,PM2.5,17,31,12,52,44
2043,NYC,2002,female,recreational,18585.233480176208,46,37,41.3,0,21.13,13,10,29.98,52,PM2.5,17,31,12,52,44
2043,NYC,2002,female,slow,22272.234459128733,46,37,41.3,0,21.13,13,10,29.98,52,PM2.5,17,31,12,52,44
4324,NYC,2002,male,elite,12117.64777983349,46,37,41.3,0,21.13,13,10,29.98,52,PM2.5,17,31,12,52,44
4324,NYC,2002,male,competitive,14099.370952821462,46,37,41.3,0,21.13,13,10,29.98,52,PM2.5,17,31,12,52,44
4324,NYC,2002,male,average,15504.810592044401,46,37,41.3,0,21.13,13,10,29.98,52,PM2.5,17,31,12,52,44
4323,NYC,2002,male,recreational,17073.751792736526,46,37,41.3,0,21.13,13,10,29.98,52,PM2.5,17,31,12,52,44
4323,NYC,2002,male,slow,20336.885496183222,46,37,41.3,0,21.13,13,10,29.98,52,PM2.5,17,31,12,52,44
2344,NYC,2003,female,elite,13909.498293515362,67,57,62.26,0,54.3,6,10,30.08,86,PM2.5,24,37,NA,86,46
2344,NYC,2003,female,competitive,16155.697525597272,67,57,62.26,0,54.3,6,10,30.08,86,PM2.5,24,37,NA,86,46
2344,NYC,2003,female,average,17623.25682593857,67,57,62.26,0,54.3,6,10,30.08,86,PM2.5,24,37,NA,86,46
2344,NYC,2003,female,recreational,19226.74872013652,67,57,62.26,0,54.3,6,10,30.08,86,PM2.5,24,37,NA,86,46
2344,NYC,2003,female,slow,22644.823805460743,67,57,62.26,0,54.3,6,10,30.08,86,PM2.5,24,37,NA,86,46
4602,NYC,2003,male,elite,12474.063233376797,67,57,62.26,0,54.3,6,10,30.08,86,PM2.5,24,37,NA,86,46
4602,NYC,2003,male,competitive,14603.718383311605,67,57,62.26,0,54.3,6,10,30.08,86,PM2.5,24,37,NA,86,46
4602,NYC,2003,male,average,16125.485875706212,67,57,62.26,0,54.3,6,10,30.08,86,PM2.5,24,37,NA,86,46
4602,NYC,2003,male,recreational,17742.159495871358,67,57,62.26,0,54.3,6,10,30.08,86,PM2.5,24,37,NA,86,46
4601,NYC,2003,male,slow,20929.363181916957,67,57,62.26,0,54.3,6,10,30.08,86,PM2.5,24,37,NA,86,46
2400,NYC,2004,female,elite,13922.40625,67,50,58.35,0,43.43,15,10,29.72,58,PM2.5,15,44,NA,58,48
2400,NYC,2004,female,competitive,16253.76625,67,50,58.35,0,43.43,15,10,29.72,58,PM2.5,15,44,NA,58,48
2400,NYC,2004,female,average,17818.68875,67,50,58.35,0,43.43,15,10,29.72,58,PM2.5,15,44,NA,58,48
2399,NYC,2004,female,recreational,19533.821175489793,67,50,58.35,0,43.43,15,10,29.72,58,PM2.5,15,44,NA,58,48
2399,NYC,2004,female,slow,23099.15214672782,67,50,58.35,0,43.43,15,10,29.72,58,PM2.5,15,44,NA,58,48
4913,NYC,2004,male,elite,12519.652961530644,67,50,58.35,0,43.43,15,10,29.72,58,PM2.5,15,44,NA,58,48
4913,NYC,2004,male,competitive,14740.889273356403,67,50,58.35,0,43.43,15,10,29.72,58,PM2.5,15,44,NA,58,48
4913,NYC,2004,male,average,16301.221453287199,67,50,58.35,0,43.43,15,10,29.72,58,PM2.5,15,44,NA,58,48
4913,NYC,2004,male,recreational,17979.87237940159,67,50,58.35,0,43.43,15,10,29.72,58,PM2.5,15,44,NA,58,48
4912,NYC,2004,male,slow,21269.17874592834,67,50,58.35,0,43.43,15,10,29.72,58,PM2.5,15,44,NA,58,48
2415,NYC,2005,female,elite,13824.173498964798,68,53,58.41,0,53.76,9,10,29.9,119,PM2.5,27,50,42,119,63
2415,NYC,2005,female,competitive,16074.329606625262,68,53,58.41,0,53.76,9,10,29.9,119,PM2.5,27,50,42,119,63
2415,NYC,2005,female,average,17568.605383022776,68,53,58.41,0,53.76,9,10,29.9,119,PM2.5,27,50,42,119,63
2415,NYC,2005,female,recreational,19184.526293995863,68,53,58.41,0,53.76,9,10,29.9,119,PM2.5,27,50,42,119,63
2414,NYC,2005,female,slow,22748.84175642086,68,53,58.41,0,53.76,9,10,29.9,119,PM2.5,27,50,42,119,63
4957,NYC,2005,male,elite,12369.33851119628,68,53,58.41,0,53.76,9,10,29.9,119,PM2.5,27,50,42,119,63
4957,NYC,2005,male,competitive,14648.295339923341,68,53,58.41,0,53.76,9,10,29.9,119,PM2.5,27,50,42,119,63
4957,NYC,2005,male,average,16256.911438369985,68,53,58.41,0,53.76,9,10,29.9,119,PM2.5,27,50,42,119,63
4957,NYC,2005,male,recreational,17954.624773048214,68,53,58.41,0,53.76,9,10,29.9,119,PM2.5,27,50,42,119,63
4956,NYC,2005,male,slow,21192.02824858756,68,53,58.41,0,53.76,9,10,29.9,119,PM2.5,27,50,42,119,63
2471,NYC,2006,female,elite,13382.352893565363,49,38,43.48,0,24.7,6,10,30.39,70,PM2.5,18,29,NA,70,39
2471,NYC,2006,female,competitive,15367.036017806553,49,38,43.48,0,24.7,6,10,30.39,70,PM2.5,18,29,NA,70,39
2471,NYC,2006,female,average,16737.447187373535,49,38,43.48,0,24.7,6,10,30.39,70,PM2.5,18,29,NA,70,39
2471,NYC,2006,female,recreational,18257.47065965196,49,38,43.48,0,24.7,6,10,30.39,70,PM2.5,18,29,NA,70,39
2471,NYC,2006,female,slow,21796.961958721167,49,38,43.48,0,24.7,6,10,30.39,70,PM2.5,18,29,NA,70,39
5105,NYC,2006,male,elite,11867.776885406463,49,38,43.48,0,24.7,6,10,30.39,70,PM2.5,18,29,NA,70,39
5105,NYC,2006,male,competitive,13861.257786483839,49,38,43.48,0,24.7,6,10,30.39,70,PM2.5,18,29,NA,70,39
5105,NYC,2006,male,average,15209.158863858964,49,38,43.48,0,24.7,6,10,30.39,70,PM2.5,18,29,NA,70,39
5104,NYC,2006,male,recreational,16744.738244514116,49,38,43.48,0,24.7,6,10,30.39,70,PM2.5,18,29,NA,70,39
5104,NYC,2006,male,slow,19895.753722570553,49,38,43.48,0,24.7,6,10,30.39,70,PM2.5,18,29,NA,70,39
2502,NYC,2007,female,elite,13300.772581934452,56,46,50.54,0,30.92,10,10,29.75,61,PM2.5,13,34,NA,61,40
2502,NYC,2007,female,competitive,15341.142286171065,56,46,50.54,0,30.92,10,10,29.75,61,PM2.5,13,34,NA,61,40
2502,NYC,2007,female,average,16736.52837729816,56,46,50.54,0,30.92,10,10,29.75,61,PM2.5,13,34,NA,61,40
2502,NYC,2007,female,recreational,18261.828936850514,56,46,50.54,0,30.92,10,10,29.75,61,PM2.5,13,34,NA,61,40
2501,NYC,2007,female,slow,21727.58456617353,56,46,50.54,0,30.92,10,10,29.75,61,PM2.5,13,34,NA,61,40
5220,NYC,2007,male,elite,11972.79597701149,56,46,50.54,0,30.92,10,10,29.75,61,PM2.5,13,34,NA,61,40
5219,NYC,2007,male,competitive,13978.909369611036,56,46,50.54,0,30.92,10,10,29.75,61,PM2.5,13,34,NA,61,40
5219,NYC,2007,male,average,15353.686338378997,56,46,50.54,0,30.92,10,10,29.75,61,PM2.5,13,34,NA,61,40
5219,NYC,2007,male,recreational,16919.34604330331,56,46,50.54,0,30.92,10,10,29.75,61,PM2.5,13,34,NA,61,40
5219,NYC,2007,male,slow,20115.56006897875,56,46,50.54,0,30.92,10,10,29.75,61,PM2.5,13,34,NA,61,40
2577,NYC,2008,female,elite,13158.279006596818,51,38,44.29,0,25.54,15,10,30.39,52,PM2.5,9,31,10,52,37
2577,NYC,2008,female,competitive,15138.419091967406,51,38,44.29,0,25.54,15,10,30.39,52,PM2.5,9,31,10,52,37
2577,NYC,2008,female,average,16577.036088474975,51,38,44.29,0,25.54,15,10,30.39,52,PM2.5,9,31,10,52,37
2577,NYC,2008,female,recreational,18155.83081102056,51,38,44.29,0,25.54,15,10,30.39,52,PM2.5,9,31,10,52,37
2576,NYC,2008,female,slow,21833.123447204976,51,38,44.29,0,25.54,15,10,30.39,52,PM2.5,9,31,10,52,37
5044,NYC,2008,male,elite,11741.122720063448,51,38,44.29,0,25.54,15,10,30.39,52,PM2.5,9,31,10,52,37
5044,NYC,2008,male,competitive,13692.160586835844,51,38,44.29,0,25.54,15,10,30.39,52,PM2.5,9,31,10,52,37
5043,NYC,2008,male,average,14998.467578822127,51,38,44.29,0,25.54,15,10,30.39,52,PM2.5,9,31,10,52,37
5043,NYC,2008,male,recreational,16587.66369224668,51,38,44.29,0,25.54,15,10,30.39,52,PM2.5,9,31,10,52,37
5043,NYC,2008,male,slow,19905.094586555628,51,38,44.29,0,25.54,15,10,30.39,52,PM2.5,9,31,10,52,37
3040,NYC,2009,female,elite,13270.686513157902,58,50,53.54,0,39.46,9,10,30.03,42,PM2.5,10,27,NA,42,30
3040,NYC,2009,female,competitive,15183.299013157892,58,50,53.54,0,39.46,9,10,30.03,42,PM2.5,10,27,NA,42,30
3040,NYC,2009,female,average,16521.351644736842,58,50,53.54,0,39.46,9,10,30.03,42,PM2.5,10,27,NA,42,30
3040,NYC,2009,female,recreational,18057.420394736844,58,50,53.54,0,39.46,9,10,30.03,42,PM2.5,10,27,NA,42,30
3040,NYC,2009,female,slow,21621.234539473688,58,50,53.54,0,39.46,9,10,30.03,42,PM2.5,10,27,NA,42,30
5669,NYC,2009,male,elite,11764.258775798204,58,50,53.54,0,39.46,9,10,30.03,42,PM2.5,10,27,NA,42,30
5669,NYC,2009,male,competitive,13659.992944081847,58,50,53.54,0,39.46,9,10,30.03,42,PM2.5,10,27,NA,42,30
5669,NYC,2009,male,average,14937.315046745458,58,50,53.54,0,39.46,9,10,30.03,42,PM2.5,10,27,NA,42,30
5669,NYC,2009,male,recreational,16519.56323866643,58,50,53.54,0,39.46,9,10,30.03,42,PM2.5,10,27,NA,42,30
5668,NYC,2009,male,slow,19791.83239237827,58,50,53.54,0,39.46,9,10,30.03,42,PM2.5,10,27,NA,42,30
3225,NYC,2010,female,elite,13332.860465116282,50,36,43.17,0,25.58,14,10,30.13,44,PM2.5,7,31,NA,44,23
3225,NYC,2010,female,competitive,15265.984806201554,50,36,43.17,0,25.58,14,10,30.13,44,PM2.5,7,31,NA,44,23
3225,NYC,2010,female,average,16655.00341085271,50,36,43.17,0,25.58,14,10,30.13,44,PM2.5,7,31,NA,44,23
3225,NYC,2010,female,recreational,18316.298294573644,50,36,43.17,0,25.58,14,10,30.13,44,PM2.5,7,31,NA,44,23
3224,NYC,2010,female,slow,21884.20998759305,50,36,43.17,0,25.58,14,10,30.13,44,PM2.5,7,31,NA,44,23
5771,NYC,2010,male,elite,11872.174493155428,50,36,43.17,0,25.58,14,10,30.13,44,PM2.5,7,31,NA,44,23
5770,NYC,2010,male,competitive,13766.73327556326,50,36,43.17,0,25.58,14,10,30.13,44,PM2.5,7,31,NA,44,23
5770,NYC,2010,male,average,15084.952512998265,50,36,43.17,0,25.58,14,10,30.13,44,PM2.5,7,31,NA,44,23
5770,NYC,2010,male,recreational,16689.91923743501,50,36,43.17,0,25.58,14,10,30.13,44,PM2.5,7,31,NA,44,23
5770,NYC,2010,male,slow,20135.083535528574,50,36,43.17,0,25.58,14,10,30.13,44,PM2.5,7,31,NA,44,23
3452,NYC,2011,female,elite,13232.187137891082,54,38,46.58,0,30.58,8,10,30.37,63,PM2.5,32,32,NA,63,49
3452,NYC,2011,female,competitive,15261.548667439161,54,38,46.58,0,30.58,8,10,30.37,63,PM2.5,32,32,NA,63,49
3452,NYC,2011,female,average,16719.505214368477,54,38,46.58,0,30.58,8,10,30.37,63,PM2.5,32,32,NA,63,49
3452,NYC,2011,female,recreational,18363.8983198146,54,38,46.58,0,30.58,8,10,30.37,63,PM2.5,32,32,NA,63,49
3452,NYC,2011,female,slow,21799.27607184241,54,38,46.58,0,30.58,8,10,30.37,63,PM2.5,32,32,NA,63,49
5996,NYC,2011,male,elite,11766.817044696456,54,38,46.58,0,30.58,8,10,30.37,63,PM2.5,32,32,NA,63,49
5996,NYC,2011,male,competitive,13787.32721814543,54,38,46.58,0,30.58,8,10,30.37,63,PM2.5,32,32,NA,63,49
5996,NYC,2011,male,average,15180.49299533021,54,38,46.58,0,30.58,8,10,30.37,63,PM2.5,32,32,NA,63,49
5995,NYC,2011,male,recreational,16830.4670558799,54,38,46.58,0,30.58,8,10,30.37,63,PM2.5,32,32,NA,63,49
5995,NYC,2011,male,slow,20141.67989991661,54,38,46.58,0,30.58,8,10,30.37,63,PM2.5,32,32,NA,63,49
3910,NYC,2013,female,elite,13484.38670076726,55,37,46.63,0,28.79,13,10,30.25,38,PM2.5,6,31,NA,38,17
3909,NYC,2013,female,competitive,15320.519058582759,55,37,46.63,0,28.79,13,10,30.25,38,PM2.5,6,31,NA,38,17
3909,NYC,2013,female,average,16690.021233051935,55,37,46.63,0,28.79,13,10,30.25,38,PM2.5,6,31,NA,38,17
3909,NYC,2013,female,recreational,18288.775645945258,55,37,46.63,0,28.79,13,10,30.25,38,PM2.5,6,31,NA,38,17
3909,NYC,2013,female,slow,21760.34075211053,55,37,46.63,0,28.79,13,10,30.25,38,PM2.5,6,31,NA,38,17
6118,NYC,2013,male,elite,12018.070120954564,55,37,46.63,0,28.79,13,10,30.25,38,PM2.5,6,31,NA,38,17
6118,NYC,2013,male,competitive,13817.98790454397,55,37,46.63,0,28.79,13,10,30.25,38,PM2.5,6,31,NA,38,17
6118,NYC,2013,male,average,15082.27361882969,55,37,46.63,0,28.79,13,10,30.25,38,PM2.5,6,31,NA,38,17
6118,NYC,2013,male,recreational,16678.80876103301,55,37,46.63,0,28.79,13,10,30.25,38,PM2.5,6,31,NA,38,17
6117,NYC,2013,male,slow,20075.531306195848,55,37,46.63,0,28.79,13,10,30.25,38,PM2.5,6,31,NA,38,17
4081,NYC,2014,female,elite,13610.731928448911,47,41,43.73,0.29,25.27,16,10,29.9,35,Ozone,5,35,NA,26,11
4081,NYC,2014,female,competitive,15569.073756432246,47,41,43.73,0.29,25.27,16,10,29.9,35,Ozone,5,35,NA,26,11
4081,NYC,2014,female,average,17001.74761087969,47,41,43.73,0.29,25.27,16,10,29.9,35,Ozone,5,35,NA,26,11
4080,NYC,2014,female,recreational,18725.803921568626,47,41,43.73,0.29,25.27,16,10,29.9,35,Ozone,5,35,NA,26,11
4080,NYC,2014,female,slow,22303.21642156862,47,41,43.73,0.29,25.27,16,10,29.9,35,Ozone,5,35,NA,26,11
5999,NYC,2014,male,elite,12126.724620770125,47,41,43.73,0.29,25.27,16,10,29.9,35,Ozone,5,35,NA,26,11
5998,NYC,2014,male,competitive,14017.641880626874,47,41,43.73,0.29,25.27,16,10,29.9,35,Ozone,5,35,NA,26,11
5998,NYC,2014,male,average,15399.779093031008,47,41,43.73,0.29,25.27,16,10,29.9,35,Ozone,5,35,NA,26,11
5998,NYC,2014,male,recreational,17068.573191063693,47,41,43.73,0.29,25.27,16,10,29.9,35,Ozone,5,35,NA,26,11
5998,NYC,2014,male,slow,20563.30676892298,47,41,43.73,0.29,25.27,16,10,29.9,35,Ozone,5,35,NA,26,11
4135,NYC,2015,female,elite,13679.935187424433,64,54,59.16,0,46.52,8,10,29.9,57,PM2.5,9,31,NA,57,28
4134,NYC,2015,female,competitive,15767.578858248673,64,54,59.16,0,46.52,8,10,29.9,57,PM2.5,9,31,NA,57,28
4134,NYC,2015,female,average,17254.34639574263,64,54,59.16,0,46.52,8,10,29.9,57,PM2.5,9,31,NA,57,28
4134,NYC,2015,female,recreational,18971.426463473632,64,54,59.16,0,46.52,8,10,29.9,57,PM2.5,9,31,NA,57,28
4134,NYC,2015,female,slow,22434.41025641026,64,54,59.16,0,46.52,8,10,29.9,57,PM2.5,9,31,NA,57,28
5758,NYC,2015,male,elite,12128.091003820775,64,54,59.16,0,46.52,8,10,29.9,57,PM2.5,9,31,NA,57,28
5758,NYC,2015,male,competitive,14233.630774574503,64,54,59.16,0,46.52,8,10,29.9,57,PM2.5,9,31,NA,57,28
5758,NYC,2015,male,average,15746.637547759643,64,54,59.16,0,46.52,8,10,29.9,57,PM2.5,9,31,NA,57,28
5758,NYC,2015,male,recreational,17423.481243487324,64,54,59.16,0,46.52,8,10,29.9,57,PM2.5,9,31,NA,57,28
5758,NYC,2015,male,slow,20877.915769364376,64,54,59.16,0,46.52,8,10,29.9,57,PM2.5,9,31,NA,57,28
4288,NYC,2016,female,elite,13643.716884328363,57,45,52.6,0,34.4,14,10,30.26,43,PM2.5,7,33,NA,43,23
4288,NYC,2016,female,competitive,15712.73204291045,57,45,52.6,0,34.4,14,10,30.26,43,PM2.5,7,33,NA,43,23
4287,NYC,2016,female,average,17223.665500349896,57,45,52.6,0,34.4,14,10,30.26,43,PM2.5,7,33,NA,43,23
4287,NYC,2016,female,recreational,18931.318404478654,57,45,52.6,0,34.4,14,10,30.26,43,PM2.5,7,33,NA,43,23
4287,NYC,2016,female,slow,22486.689293212046,57,45,52.6,0,34.4,14,10,30.26,43,PM2.5,7,33,NA,43,23
5967,NYC,2016,male,elite,12055.873805932624,57,45,52.6,0,34.4,14,10,30.26,43,PM2.5,7,33,NA,43,23
5967,NYC,2016,male,competitive,14153.849170437408,57,45,52.6,0,34.4,14,10,30.26,43,PM2.5,7,33,NA,43,23
5967,NYC,2016,male,average,15633.635662812136,57,45,52.6,0,34.4,14,10,30.26,43,PM2.5,7,33,NA,43,23
5967,NYC,2016,male,recreational,17317.70571476454,57,45,52.6,0,34.4,14,10,30.26,43,PM2.5,7,33,NA,43,23
5966,NYC,2016,male,slow,20746.78695943679,57,45,52.6,0,34.4,14,10,30.26,43,PM2.5,7,33,NA,43,23
4211,NYC,2017,female,elite,13544.848729517935,61,51,56.88,0.01,53.57,9,10,30.19,52,PM2.5,8,28,NA,52,27
4211,NYC,2017,female,competitive,15639.419377819993,61,51,56.88,0.01,53.57,9,10,30.19,52,PM2.5,8,28,NA,52,27
4211,NYC,2017,female,average,17170.09118974115,61,51,56.88,0.01,53.57,9,10,30.19,52,PM2.5,8,28,NA,52,27
4211,NYC,2017,female,recreational,18951.83638090715,61,51,56.88,0.01,53.57,9,10,30.19,52,PM2.5,8,28,NA,52,27
4211,NYC,2017,female,slow,22682.191640940364,61,51,56.88,0.01,53.57,9,10,30.19,52,PM2.5,8,28,NA,52,27
5918,NYC,2017,male,elite,11914.664751605278,61,51,56.88,0.01,53.57,9,10,30.19,52,PM2.5,8,28,NA,52,27
5917,NYC,2017,male,competitive,14015.247084671288,61,51,56.88,0.01,53.57,9,10,30.19,52,PM2.5,8,28,NA,52,27
5917,NYC,2017,male,average,15529.01757647456,61,51,56.88,0.01,53.57,9,10,30.19,52,PM2.5,8,28,NA,52,27
5917,NYC,2017,male,recreational,17288.203650498566,61,51,56.88,0.01,53.57,9,10,30.19,52,PM2.5,8,28,NA,52,27
5917,NYC,2017,male,slow,20905.344262295097,61,51,56.88,0.01,53.57,9,10,30.19,52,PM2.5,8,28,NA,52,27
4425,NYC,2018,female,elite,13463.862146892665,56,47,50.44,0,32.44,14,10,30.52,49,PM2.5,8,30,9,49,36
4425,NYC,2018,female,competitive,15631.383728813558,56,47,50.44,0,32.44,14,10,30.52,49,PM2.5,8,30,9,49,36
4425,NYC,2018,female,average,17209.58033898305,56,47,50.44,0,32.44,14,10,30.52,49,PM2.5,8,30,9,49,36
4424,NYC,2018,female,recreational,19093.651898734173,56,47,50.44,0,32.44,14,10,30.52,49,PM2.5,8,30,9,49,36
4424,NYC,2018,female,slow,22820.23553345386,56,47,50.44,0,32.44,14,10,30.52,49,PM2.5,8,30,9,49,36
6117,NYC,2018,male,elite,11827.057217590316,56,47,50.44,0,32.44,14,10,30.52,49,PM2.5,8,30,9,49,36
6116,NYC,2018,male,competitive,14021.22743623283,56,47,50.44,0,32.44,14,10,30.52,49,PM2.5,8,30,9,49,36
6116,NYC,2018,male,average,15654.021582733814,56,47,50.44,0,32.44,14,10,30.52,49,PM2.5,8,30,9,49,36
6116,NYC,2018,male,recreational,17459.013734466967,56,47,50.44,0,32.44,14,10,30.52,49,PM2.5,8,30,9,49,36
6116,NYC,2018,male,slow,21174.387998691946,56,47,50.44,0,32.44,14,10,30.52,49,PM2.5,8,30,9,49,36
4544,NYC,2019,female,elite,13290.119498239446,52,43,47.36,0,28.76,8,10,30.13,52,PM2.5,7,31,NA,52,32
4544,NYC,2019,female,competitive,15481.364876760563,52,43,47.36,0,28.76,8,10,30.13,52,PM2.5,7,31,NA,52,32
4544,NYC,2019,female,average,17083.005501760563,52,43,47.36,0,28.76,8,10,30.13,52,PM2.5,7,31,NA,52,32
4544,NYC,2019,female,recreational,18988.23261443662,52,43,47.36,0,28.76,8,10,30.13,52,PM2.5,7,31,NA,52,32
4544,NYC,2019,female,slow,22895.117297535202,52,43,47.36,0,28.76,8,10,30.13,52,PM2.5,7,31,NA,52,32
6160,NYC,2019,male,elite,11612.277922077923,52,43,47.36,0,28.76,8,10,30.13,52,PM2.5,7,31,NA,52,32
6160,NYC,2019,male,competitive,13835.756818181819,52,43,47.36,0,28.76,8,10,30.13,52,PM2.5,7,31,NA,52,32
6160,NYC,2019,male,average,15419.198863636362,52,43,47.36,0,28.76,8,10,30.13,52,PM2.5,7,31,NA,52,32
6160,NYC,2019,male,recreational,17269.291720779223,52,43,47.36,0,28.76,8,10,30.13,52,PM2.5,7,31,NA,52,32
6160,NYC,2019,male,slow,21061.585714285702,52,43,47.36,0,28.76,8,10,30.13,52,PM2.5,7,31,NA,52,32
